title,short_title,link,reviews
Canon EOS 4000D DSLR Camera and EF-S 18-55 mm f/3.5-5.6 III Lens - Black,Canon EOS 4000D DSLR Came,/Canon-4000D-Camera-18-55-3-5-5-6/dp/B07B199LGK/ref=sr_1_1?dchild=1&keywords=dslr+camera&psr=EY17&qid=1616918586&s=black-friday&sr=1-1,"1,540"
"Canon EOS 2000D DSLR Camera and EF-S 18-55 mm f/3.5-5.6 IS II Lens, Black",Canon EOS 2000D DSLR Came,/Canon-2000D-Camera-18-55-3-5-5-6/dp/B07B1B265L/ref=sr_1_2?dchild=1&keywords=dslr+camera&psr=EY17&qid=1616918586&s=black-friday&sr=1-2,636
Canon EOS 4000D 18MP DSLR Camera and EF-S 18-55 mm f/3.5-5.6 III Lens with 64G Memory Card- Black,Canon EOS 4000D 18MP DSLR,/Canon-4000D-Camera-3-5-5-6-Memory/dp/B07JCV11K8/ref=sr_1_3?dchild=1&keywords=dslr+camera&psr=EY17&qid=1616918586&s=black-friday&sr=1-3,407
Nikon D5600 + AF-P 18-55 VR DSLR Camera - Black,Nikon D5600 + AF-P 18-55 ,/Nikon-D5600-AF-P-18-55-VR/dp/B01MQGO8V6/ref=sr_1_4?dchild=1&keywords=dslr+camera&psr=EY17&qid=1616918586&s=black-friday&sr=1-4,786
Nikon D800 Digital SLR Camera (Body Only),Nikon D800 Digital SLR Ca,/Nikon-D800-Digital-Camera-Body/dp/B00763MHB4/ref=sr_1_5?dchild=1&keywords=dslr+camera&psr=EY17&qid=1616918586&s=black-friday&sr=1-5,265
Nikon D3100 Digital SLR Camera 18-55mm VR Lens Kit,Nikon D3100 Digital SLR C,/Nikon-Digital-Camera-18-55mm-14-2MP/dp/B00403MA4M/ref=sr_1_6?dchild=1&keywords=dslr+camera&psr=EY17&qid=1616918586&s=black-friday&sr=1-6,"1,238"
Black Lilliput A7s 7 inch 1920x1200 HD IPS 500cd/m2 Camera Field Monitor 4K HDMI Input output Video DSLR Camera A7 A7R A7S III A6500 GH5 GH5s 5D 70D D810 Ronin S,Black Lilliput A7s 7 inch,/Lilliput-1920x1200-Camera-Monitor-output/dp/B076CBHMQM/ref=sr_1_7?dchild=1&keywords=dslr+camera&psr=EY17&qid=1616918586&s=black-friday&sr=1-7,200
Canon EOS 90D + EF-S 18-135mm f/3.5-5.6 IS USM,Canon EOS 90D + EF-S 18-1,/Canon-90D-EF-S-18-135mm-3-5-5-6/dp/B07WSJQWP8/ref=sr_1_8?dchild=1&keywords=dslr+camera&psr=EY17&qid=1616918586&s=black-friday&sr=1-8,46
Panasonic Lumix DMC-FZ330EBK Bridge Camera with 25 - 600 mm Zoom and Full Range F2.8 - Black,Panasonic Lumix DMC-FZ330,/Panasonic-Lumix-DMC-FZ330EBK-Bridge-Camera/dp/B011SG00BS/ref=sr_1_9?dchild=1&keywords=dslr+camera&psr=EY17&qid=1616918586&s=black-friday&sr=1-9,105
Lilliput A7s 7-inch 1920x1200 HD IPS Screen 500cd/m2 Camera Field Monitor 4K HDMI Input output Video For DSLR Mirrorless Camera SONY A7 A7S II A6500 Panasonic GH4 GH5 Canon 5D Mark IV DJI Ronin M,Lilliput A7s 7-inch 1920x,/Lilliput-1920x1200-Mirrorless-A7S-Panasonic/dp/B074SGNC2X/ref=sr_1_10?dchild=1&keywords=dslr+camera&psr=EY17&qid=1616918586&s=black-friday&sr=1-10,553
"MegaGear Torres Genuine Leather Camera Messenger Bag for Mirrorless, Instant and DSLR Cameras",MegaGear Torres Genuine L,/MegaGear-MG1332-Genuine-Messenger-Mirrorless/dp/B076ZSG8Q4/ref=sr_1_11?dchild=1&keywords=dslr+camera&psr=EY17&qid=1616918586&s=black-friday&sr=1-11,147
S-ZONE Camera Bag Canvas SLR DSLR Camera Backpack Large Capacity Front Open Waterproof Anti-Shock Camera Rucksack Camera Travel Bag Professional Camera Lens Organizer,S-ZONE Camera Bag Canvas ,/S-ZONE-Waterproof-Canvas-Camera-Backpack/dp/B07PJZDR8D/ref=sr_1_12?dchild=1&keywords=dslr+camera&psr=EY17&qid=1616918586&s=black-friday&sr=1-12,206
"Canon EOS R6 Body Only - Full Frame Mirror Less Camera Built for Stills and Video (Silent Continuous Shooting at Up to 20 Fps, 4K Up to 60p, Up to 8 Stop Stabilisation, Dual Pixel CMOS AF II)",Canon EOS R6 Body Only - ,/Canon-EOS-R6/dp/B08CNNY441/ref=sr_1_17?dchild=1&keywords=dslr+camera&qid=1616918592&sr=8-17,1
Amazon Basics Holster Camera Case for DSLR Cameras - Black,Amazon Basics Holster Cam,/AmazonBasics-Holster-Camera-Case-Cameras/dp/B008MWBY6W/ref=sr_1_18?dchild=1&keywords=dslr+camera&qid=1616918592&sr=8-18,"10,932"
"Lowepro LP36892-PWW Tahoe 150 Backpack for Camera, Stores DSLR with Lens Attached, CSC, Mirrorless, 10 Inch Tablet, Black",Lowepro LP36892-PWW Tahoe,/Lowepro-Tahoe-Backpack-Camera-Black/dp/B013MC8F5Y/ref=sr_1_19?dchild=1&keywords=dslr+camera&qid=1616918592&sr=8-19,"1,457"
Genuine Leather Large Camera DSLR Padded Digital Camera Bag with Cushion for Sony Nikon Cannon with Lens Partition,Genuine Leather Large Cam,/Genuine-Leather-Digital-cushion-Partition-Brown/dp/B074VQCYHR/ref=sr_1_20?dchild=1&keywords=dslr+camera&qid=1616918592&sr=8-20,11
Neewer Professional Camera Storage Sling Bag Waterproof Shockproof Tearproof Partition Protection Case for Canon Nikon Sony Pentax Olympus Fujifilm Panasonic Dslrs and Mirrorless Cameras(Red Interior),Neewer Professional Camer,/Neewer-Professional-Waterproof-Shockproof-Protection/dp/B01MT0ZPQM/ref=sr_1_21?dchild=1&keywords=dslr+camera&qid=1616918592&sr=8-21,810
"Neewer 79 Inches Carbon Fiber Camera Tripod Monopod with 2 Center Axis, 360 Degree Ball Head, 1/4 inch Quick Shoe Plate and Bag for DSLR Camera Video Camcorder Travel and Work，Load up to 26.5 pounds",Neewer 79 Inches Carbon F,/Neewer-Inches-Monopod-Camcorder-Work%EF%BC%8CLoad/dp/B08BJ2DH59/ref=sr_1_22?dchild=1&keywords=dslr+camera&qid=1616918592&sr=8-22,163
"Moukey MCM-1 DSLR Camera Microphone, External Video Mic Shotgun for Phone, Smartphone, Vlogging, Canon/Nikon/Sony Camera",Moukey MCM-1 DSLR Camera ,/Moukey-Camera-Microphone-Shotgun-Smartphone/dp/B07Q2WD1MB/ref=sr_1_23?dchild=1&keywords=dslr+camera&qid=1616918592&sr=8-23,417
CVW Swift 800Pro Wireless Video Transmission System Set HDMI SDI HD Image Wireless 800ft Transmitter Receiver CVW 800 Pro for iPad Smartphone Monitor DSLR Camera,CVW Swift 800Pro Wireless,/CVW-Wireless-Transmission-Transmitter-Smartphone/dp/B08H8K5Y8T/ref=sr_1_24?dchild=1&keywords=dslr+camera&qid=1616918592&sr=8-24,3
Case4Life Black/Blue DSLR/SLR Camera Case Holster Bag for Nikon SLR D Series D3100 D3200 D3300 D3400 D3500 D4 D40 D5 D500 D5100 D5200 D5300 D5500 D5600 D750 D7100 D7200 D7500 D810 D810A,Case4Life Black/Blue DSLR,/Case4Life-Black-Camera-Holster-Nikon/dp/B0087356HE/ref=sr_1_25?dchild=1&keywords=dslr+camera&qid=1616918592&sr=8-25,932
"Neewer Portable 56 inches/142 centimeters Aluminum Camera Tripod with 3-Way Swivel Pan Head,Bag for DSLR Camera,DV Video Camcorder Load up to 8.8 pounds/4 kilograms Black(SAB234)",Neewer Portable 56 inches,/Neewer-Portable-centimeters-Camcorder-kilograms/dp/B01MT1KF0F/ref=sr_1_26?dchild=1&keywords=dslr+camera&qid=1616918592&sr=8-26,"1,036"
"DragonTrading® Canon Camera Replacement USB Cable, Data Interface Cable for Canon PowerShot, EOS, DSLR Cameras and Camcorders",DragonTrading® Canon Came,/DragonTrading%C2%AE-Replacement-Interface-PowerShot-Camcorders/dp/B079JVP5M1/ref=sr_1_27?dchild=1&keywords=dslr+camera&qid=1616918592&sr=8-27,211
"Neewer Mini Carbon Fiber Camera/Phone Track Dolly Rail Slider, 40cm Compact Video Stabilizer with 4 Bearings for Smartphone,DSLR Camera,DV Video Camcorder Film Photography",Neewer Mini Carbon Fiber ,/Neewer-Stabilizer-Smartphone-Camcorder-Photography/dp/B0792SQSY3/ref=sr_1_28?dchild=1&keywords=dslr+camera&qid=1616918592&sr=8-28,609
"Neewer NW-561 Speedlite Flash with LCD Display for Canon & Nikon Digital DSLR Cameras, such as Canon Rebel T5i and All Other DSLR Cameras with Standard Hot Shoe (NW-625/GN54)",Neewer NW-561 Speedlite F,/Neewer-Speedlite-Panasonic-Fijifilm-Mirrorless/dp/B07L62WJP8/ref=sr_1_29?dchild=1&keywords=dslr+camera&qid=1616918592&sr=8-29,480
"SAMTIAN Camera Tripod, 165cm / 65inches Aluminum Portable Tripod With Monopod And 360 ° Panorama Ball Head, 1/4 Quick Release Plate And Phone Clip For DSLR SLR Camera Up To 12kg","SAMTIAN Camera Tripod, 16",/SAMTIAN-65inches-Aluminum-Portable-Panorama/dp/B07RKPMZLL/ref=sr_1_30?dchild=1&keywords=dslr+camera&qid=1616918592&sr=8-30,442
"Neewer Extendable Camera Carbon Fiber Monopod with Removable Foldable Tripod Support Base: 5-section Leg, Max. 66 inches for Canon Nikon Sony DSLR Cameras, Payload up to 5 kg",Neewer Extendable Camera ,/Neewer-Extendable-Monopod-Removable-Foldable/dp/B075163951/ref=sr_1_31?dchild=1&keywords=dslr+camera&qid=1616918592&sr=8-31,621
Movo VXR10-PRO External Video Microphone for Camera with Rycote Lyre Shock Mount - Compact Shotgun Mic and Accessories Compatible with Smartphones and DSLR Cameras - Battery-Free DSLR Microphone,Movo VXR10-PRO External V,/Movo-VXR10-PRO-External-Microphone-Camera/dp/B08DDLMRBP/ref=sr_1_32?dchild=1&keywords=dslr+camera&qid=1616918592&sr=8-32,317
"Sony DSCHX400VB.CEH Digital Compact Bridge Camera with Lens (Electronic View Finder, 20.4 MP, 50x Optical High Zoom, Wi-Fi, NFC) - Black",Sony DSCHX400VB.CEH Digit,/Sony-DSCHX400VB-CEH-Digital-Compact-Electronic/dp/B00IGL9PJC/ref=sr_1_33?dchild=1&keywords=dslr+camera&qid=1616918598&sr=8-33,300
"Lowepro Flipside 350 AW Backpack, Photography Camera Backpack for DSLR Camera and Multiple Lenses, Camera Bag for Tablet, Camera Accessories, Tripod, Colour Grey",Lowepro Flipside 350 AW B,/Lowepro-Flipside-Trek-Backpack-Camera/dp/B01K1JT7Z8/ref=sr_1_34?dchild=1&keywords=dslr+camera&qid=1616918598&sr=8-34,370
"Lavalier Microphone, AGPTEK Clip-on Lapel Omnidirectional Condenser Mic with Wind Muff Type C 3.5mm Jack for Phone PC Laptop DSLR Camera Recording Interview, Podcast, Voice Dictation","Lavalier Microphone, AGPT",/AGPTEK-Microphone-Professional-Omnidirectional-Condenser/dp/B07SHSHW6H/ref=sr_1_35?dchild=1&keywords=dslr+camera&qid=1616918598&sr=8-35,"3,582"
"Amazon Basics 127cm (50"") Lightweight Tripod with Bag","Amazon Basics 127cm (50"")",/AmazonBasics-127cm-Lightweight-Tripod-Bag/dp/B00XI87KV8/ref=sr_1_36?dchild=1&keywords=dslr+camera&qid=1616918598&sr=8-36,"46,140"
"Beschoi DSLR Camera Backpack Waterproof Camera Bag for SLR/DSLR Camera, Lens and Accessories, Black (Large)",Beschoi DSLR Camera Backp,/Beschoi-Backpack-Waterproof-Olympus-Accessories/dp/B01M4MDTNP/ref=sr_1_37?dchild=1&keywords=dslr+camera&qid=1616918598&sr=8-37,"2,635"
"Digital Camera 4K Video Camera Camcorder Ultra HD 48MP WiFi YouTube Vlogging Camera with Wide Angle Lens 16X Digital Zoom 3.5"" IPS Touch Screen Camera Recorder",Digital Camera 4K Video C,/Digital-Camcorder-YouTube-Vlogging-Recorder/dp/B085FZHNCH/ref=sr_1_38?dchild=1&keywords=dslr+camera&qid=1616918598&sr=8-38,224
"Rechargeable 96 LED Video Light with Two Diffusers, 2500mAh Portable Dimmable Bright & Soft Camera Light for Canon Nikon DSLR Camcorder SONY Video Recording Photography Vlogging",Rechargeable 96 LED Video,/Rechargeable-Diffusers-Camcorder-Recording-Photography/dp/B08CRL8S37/ref=sr_1_39?dchild=1&keywords=dslr+camera&qid=1616918598&sr=8-39,12
"DSLR Photography for Beginners: Take 10 Times Better Pictures in 48 Hours or Less! Best Way to Learn Digital Photography, Master Your DSLR Camera & Improve Your Digital SLR Photography Skills",DSLR Photography for Begi,/DSLR-Photography-Beginners-Pictures-Digital-ebook/dp/B08L5LXHB7/ref=sr_1_40?dchild=1&keywords=dslr+camera&qid=1616918598&sr=8-40,by
"Neewer Camera Slider Video Track Dolly Rail Stabilizer: 31-inch/80cm, Flywheel Counterweight with Light Carbon Fiber Rails, Adjustable Legs, Carry Bag, DSLR Camera Camcorder Track for Filming",Neewer Camera Slider Vide,/Neewer-Waterproof-Anti-shock-Protector-Flywheel/dp/B07PP78973/ref=sr_1_41?dchild=1&keywords=dslr+camera&qid=1616918598&sr=8-41,153
Feelworld LUT7 7 Inch 2200nit Ultra Bright 3D Lut Touch Screen DSLR Camera Field Monitor 1920x1200 IPS 4K HDMI DC Output Waveform Light Sensor,Feelworld LUT7 7 Inch 220,/Feelworld-LUT7-EU-Feelworld-LUT7-7-Inch-2200nit-Ultra-Bright-3D-Lut-Touch-Screen-DSLR-Camera-Field-Monitor-1920x1200-IPS-4K-HDMI-DC-Output-Waveform-Light-Sensor/dp/B085KYR44F/ref=sr_1_42?dchild=1&keywords=dslr+camera&qid=1616918598&sr=8-42,68
Trintion Camera Backpack Large Capacity Waterproof Anti-shock SLR/DSLR Camera Rucksack Camera Travel Bag Professional Gear Bag(Black),Trintion Camera Backpack ,/Trintion-Backpack-Waterproof-Anti-shock-Professional/dp/B08VNCZCSD/ref=sr_1_43?dchild=1&keywords=dslr+camera&qid=1616918598&sr=8-43,0
"ARVOK Camera Sling Bag, Waterproof Camera Backpack with Rain Cover & tripod holder, Professional Camera Shoulder Bag for Canon Nikon Sony Fujifilm DSLR, SLR and Lenses","ARVOK Camera Sling Bag, W",/ARVOK-Shoulder-Waterproof-Backpack-Professional/dp/B0863HWFPW/ref=sr_1_44?dchild=1&keywords=dslr+camera&qid=1616918598&sr=8-44,97
Nikon VNA951GA B500 Coolpix Digital Compact Camera - Black,Nikon VNA951GA B500 Coolp,/Nikon-Coolpix-Digital-Compact-Camera/dp/B01C672SZ4/ref=sr_1_45?dchild=1&keywords=dslr+camera&qid=1616918598&sr=8-45,"1,124"
"4K Camcorder Ultra HD Digital Video Camera 48MP WiFi Vlogging Camera for Youtube 3.0 inch Touch Screen 18X Digital Zoom Video Camcorder with Microphone, 2.4G Remote Control and Lens Hood",4K Camcorder Ultra HD Dig,/Camcorder-Digital-Vlogging-Youtube-Microphone/dp/B08R5S191C/ref=sr_1_46?dchild=1&keywords=dslr+camera&qid=1616918598&sr=8-46,175
"Neewer 39.4 inches/100 centimeters Aluminum Alloy Camera Track Slider Video Stabilizer Rail with 4 Bearings for DSLR Camera DV Video Camcorder Film Photography, Loads up to 17.5 pounds/8 kilograms",Neewer 39.4 inches/100 ce,/Neewer-centimeters-Stabilizer-Camcorder-Photography/dp/B06Y46HMKF/ref=sr_1_47?dchild=1&keywords=dslr+camera&qid=1616918598&sr=8-47,199
"Camera Tripod,Sobrovo 60 Inch Portable Travel Aluminum Lightweight Tripod for Canon Nikon Sony Olympus DV DSLR SLR with Phone Clip,Bubble Level,Load Up to 22lbs/10kg(Black)","Camera Tripod,Sobrovo 60 ",/Sobrovo-Portable-Aluminum-Lightweight-Olympus/dp/B06XBHCQWD/ref=sr_1_48?dchild=1&keywords=dslr+camera&qid=1616918598&sr=8-48,295
CAMTREE G-51 Professional Gripper Campod Car Mount Stabilizer - Black Triple Vacuum Suction Cup for DSLR Video Camera up to 4kg/9lbs | FREE Safety Cable & Protective Bag,CAMTREE G-51 Professional,/CAMTREE-Professional-Gripper-Campod-Stabilizer/dp/B00JE3W0VQ/ref=sr_1_49?dchild=1&keywords=dslr+camera&qid=1616918605&sr=8-49,75
"Amazon Basics - Large shoulder bag for SLR camera and accessories, Black with orange interior",Amazon Basics - Large sho,/AmazonBasics-shoulder-camera-accessories-interior/dp/B00CF5OHZ2/ref=sr_1_50?dchild=1&keywords=dslr+camera&qid=1616918605&sr=8-50,"12,085"
"Neewer Battery Grip Replacement Grip for Canon BG-E20, High-intensity Sealing Multi-button Operation Grip Compatible with LP-E6 LP-E6N Batteries, Suitable for Canon EOS 5D Mark IV DSLR Camera Body",Neewer Battery Grip Repla,/Neewer-Replacement-High-intensity-Multi-button-Compatible/dp/B01N4PROTI/ref=sr_1_51?dchild=1&keywords=dslr+camera&qid=1616918605&sr=8-51,266
Neewer Camera Tripod Monopod Carbon Fiber with Rotatable Center Column - Portable Lightweight 191 centimeters 360 Degree Ball Head for DSLR Camera Camcorder up to 26.5 pounds,Neewer Camera Tripod Mono,/Neewer-Camera-Tripod-Monopod-Rotatable/dp/B07KXSF9PS/ref=sr_1_52?dchild=1&keywords=dslr+camera&qid=1616918605&sr=8-52,331
BW Quick Rapid Camera Shoulder Single Neck Sling Black Belt Strap for SLR DSLR (Single Shoulder Strap),BW Quick Rapid Camera Sho,/BW-Quick-Camera-Shoulder-Single/dp/B01E3YOUDQ/ref=sr_1_53?dchild=1&keywords=dslr+camera&qid=1616918605&sr=8-53,248
"Elgato Cam Link 4K - Broadcast live and record via DSLR, camcorder, or action cam in 1080p60 or 4K at 30 fps, compact HDMI capture device, USB 3.0",Elgato Cam Link 4K - Broa,/Elgato-Cam-Link-Broadcast-camcorder/dp/B07K3FN5MR/ref=sr_1_54?dchild=1&keywords=dslr+camera&qid=1616918605&sr=8-54,"5,622"
"Neewer 23.6 inches/60 centimeters Aluminum Alloy Camera Track Slider Video Stabilizer Rail with 4 Bearings for DSLR Camera DV Video Camcorder Film Photography, Load up to 17.5 pounds/8 kilograms",Neewer 23.6 inches/60 cen,/Neewer-centimeters-Stabilizer-Camcorder-Photography/dp/B06Y3MKC7C/ref=sr_1_55?dchild=1&keywords=dslr+camera&qid=1616918605&sr=8-55,203
CADeN Camera Shoulder Messenger Bag Canvas Sling camera case Waterproof Anti Theft Photography Crossbody Travel Bag for 1 DSLR Camera 3 Lens Nikon Canon Sony(Khaki),CADeN Camera Shoulder Mes,/CADeN-Messenger-Waterproof-Photography-Crossbody/dp/B06XG11LZD/ref=sr_1_56?dchild=1&keywords=dslr+camera&qid=1616918605&sr=8-56,"2,132"
"Neewer 2-in-1 Convertible Wheeled Camera Backpack Luggage Trolley Case with Double Bar, Anti-shock Detachable Padded Compartment for SLR/DSLR Cameras, Tripod, Lens and Other Accessories (Black/Grey)",Neewer 2-in-1 Convertible,/Neewer-Convertible-Rolling-Backpack-Accessories/dp/B0744HT8Z4/ref=sr_1_57?dchild=1&keywords=dslr+camera&qid=1616918605&sr=8-57,521
Canon EOS 1200D Digital SLR Camera with EF-S 18-55 mm f/3.5-5.6 III Lens,Canon EOS 1200D Digital S,/Canon-1200D-Digital-Camera-3-5-5-6/dp/B00IE3UR08/ref=sr_1_58?dchild=1&keywords=dslr+camera&qid=1616918605&sr=8-58,549
"Neewer Camera Tripod Monopod with Rotatable Center Column for Panoramic Shooting - Aluminum Alloy 75 inches/191 centimeters, 360 Degree Ball Head for DSLR Camera Video Camcorder up to 26.5 pounds",Neewer Camera Tripod Mono,/Neewer-Monopod-Rotatable-Panoramic-Shooting/dp/B0734ZZN61/ref=sr_1_59?dchild=1&keywords=dslr+camera&qid=1616918605&sr=8-59,747
Amazon Basics Cleaning Kit for DSLR Cameras and Sensitive Electronics,Amazon Basics Cleaning Ki,/AmazonBasics-Cleaning-Cameras-Sensitive-Electronics/dp/B01J8VOG0Q/ref=sr_1_60?dchild=1&keywords=dslr+camera&qid=1616918605&sr=8-60,"2,584"
"Lume Cube 2.0 - Portable Lighting Kit - 16-Piece Accessory Bundle & DSLR Camera Mount for Nikon, Canon, Sony, Fuji, Panasonic",Lume Cube 2.0 - Portable ,/Lume-Cube-2-0-Accessory-Panasonic/dp/B07YQ5GLD2/ref=sr_1_61?dchild=1&keywords=dslr+camera&qid=1616918605&sr=8-61,42
"ENEGON 2 Pack LP-E17 Camera Battery 1040mAh with Micro USB Dual Charger for Canon Rebel SL2, T6i, T6s, T7i, EOS M3, M5, M6, EOS 200D, 250D,77D, 750D, 760D, 800D, 8000D, KISS X8i, RP Digital SLR Camera",ENEGON 2 Pack LP-E17 Came,/ENEGON-Battery-1040mAh-Charger-Digital-Green/dp/B083K53474/ref=sr_1_62?dchild=1&keywords=dslr+camera&qid=1616918605&sr=8-62,303
"Neewer 8mm f/ 3.5-22 Manual Focus Aspherical HD Fisheye Lens with Protective Lens Cap, Removable Tulip Lens Hood and Carrying Bag for Canon DSLR Cameras",Neewer 8mm f/ 3.5-22 Manu,/Neewer-Aspherical-Protective-Removable-Carrying/dp/B078JQQDRH/ref=sr_1_63?dchild=1&keywords=dslr+camera&qid=1616918605&sr=8-63,166
"Lightweight Aluminium SSD Holder for Samsung T5 with Cold Shoe Compatible with BMPCC 4K 6K Hard Drive Cover 1/4"" Universal Tripod Camera Mount DSLR SLR Cinema Camera Rig",Lightweight Aluminium SSD,/Lightweight-Aluminium-Samsung-Compatible-Universal/dp/B08PZGGJJ7/ref=sr_1_64?dchild=1&keywords=dslr+camera&qid=1616918605&sr=8-64,2
"Pixel MC650 Camera Microphone, Directional Video Microphone with 9.8' Extension Cable, Shotgun Deadcat Windscreen, Foam Windshield for Canon/Nikon DSLR Cameras Camcorders",Pixel MC650 Camera Microp,/Microphone-Directional-Camcorder-Windscreen-Windshield/dp/B07P7S9YG9/ref=sr_1_65?dchild=1&keywords=dslr+camera&qid=1616918612&sr=8-65,513
Lowepro Fastpack PRO BP 250 AW III Mirrorless and DSLR Camera Backpack - QuickDoor Access Camera Bag Insert and 15 inch Laptop Compartment - Camera Bag Backpack for Mirrorless or DSLR - 300D Ripstop,Lowepro Fastpack PRO BP 2,/Lowepro-Fastpack-Mirrorless-Camera-Backpack/dp/B085V8PPFW/ref=sr_1_66?dchild=1&keywords=dslr+camera&qid=1616918612&sr=8-66,21
"Neewer Carbon Fiber 66 inches/168 centimeters Camera Tripod Monopod with 360 Degree Ball Head,1/4 inch Quick Shoe Plate,Bag for DSLR Camera,Video Camcorder,Load up to 26.5 pounds/12 kilograms",Neewer Carbon Fiber 66 in,/Neewer-centimeters-Monopod-Camcorder-kilograms/dp/B00NSEKEMO/ref=sr_1_67?dchild=1&keywords=dslr+camera&qid=1616918612&sr=8-67,"1,535"
Neewer Photography Professional Heavy Duty Tripod Dolly with Rubber Wheels and Adjustable Leg Mounts for Canon Nikon Sony DSLR Cameras Camcorder Photo Video Lighting,Neewer Photography Profes,/Neewer-Photography-Professional-Adjustable-Camcorder/dp/B00KW2O9B2/ref=sr_1_68?dchild=1&keywords=dslr+camera&qid=1616918612&sr=8-68,"1,348"
"EOS 250D (24, 1 Megapixel, 7 cm (3 Inch) Vari-Angle Display, APS-C Sensor, 4K, Full HD, DIGIC 8, WLAN, Bluetooth), Silver, incl. EF-S 18-55mm f/4-5.6 IS STM Lens, Silver","EOS 250D (24, 1 Megapixel",/Canon-250D-Rebel-18-55-4-0-5-6/dp/B07QBQ9TW5/ref=sr_1_69?dchild=1&keywords=dslr+camera&qid=1616918612&sr=8-69,64
"USA Gear Digital Camera Backpack DSLR Photo Bag with Comfort Design, Waterproof Cover, Laptop Storage, Tripod Holder, Adjustable Lens Storage - Compatible with Full-Sized Digital Cameras - Black",USA Gear Digital Camera B,/USA-Gear-Professional-Waterproof-Adjustable/dp/B009XJYYB0/ref=sr_1_70?dchild=1&keywords=dslr+camera&qid=1616918612&sr=8-70,"3,108"
"Peak Design SL-BK-3 Slide, Camera Strap, Black",Peak Design SL-BK-3 Slide,/Peak-Design-SL-BK-3-Slide-Camera/dp/B0781QV3H4/ref=sr_1_71?dchild=1&keywords=dslr+camera&qid=1616918612&sr=8-71,"1,894"
Lenspen NDSLRK-1 W Elitepro Cleaning Kit for DSLR Camera,Lenspen NDSLRK-1 W Elitep,/Lenspen-NDSLRK-1-Elitepro-Cleaning-Camera/dp/B00IUMJZMY/ref=sr_1_72?dchild=1&keywords=dslr+camera&qid=1616918612&sr=8-72,392
"Neewer Portable Desktop Mini Tripod - Aluminum Alloy 20 inches/50 Centimeters with 360 Degree Ball Head, 1/4 inch Quick Shoe Plate for DSLR Camera Video Camcorder, Load up to 11 pounds/5 kilograms",Neewer Portable Desktop M,/Neewer-Portable-Desktop-Mini-Tripod/dp/B07FKDH3BC/ref=sr_1_73?dchild=1&keywords=dslr+camera&qid=1616918612&sr=8-73,"1,001"
"Neewer 11 inches Adjustable Articulating Friction Magic Arm with Super Clamp, Robust Aluminum Alloy for DSLR/Mirrorless Cameras, Camcorders, LED Light, Flash Light, Field Monitor Video Vlog Rig",Neewer 11 inches Adjustab,/Neewer-Adjustable-Articulating-Mirrorless-Camcorders/dp/B07SV6NVDS/ref=sr_1_74?dchild=1&keywords=dslr+camera&qid=1616918612&sr=8-74,267
CamRanger: Wireless DSLR Camera Control,CamRanger: Wireless DSLR ,/CamRanger-Wireless-DSLR-Camera-Control/dp/B00HQ1N8PU/ref=sr_1_75?dchild=1&keywords=dslr+camera&qid=1616918612&sr=8-75,7 Jan 2014
"Glorich ACK-E18 replacement AC Power Adapter Kit for Canon EOS 200D, 750D, 760D, 800D, 77D, Rebel SL2, T6i, T6s, T7i, EOS Kiss X8, Kiss X8i, EOS 8000D DSLR Cameras, with Fully-decoded Smart Chip",Glorich ACK-E18 replaceme,/Glorich-ACK-E18-replacement-Adapter-Fully-decoded/dp/B06Y613Y1V/ref=sr_1_76?dchild=1&keywords=dslr+camera&qid=1616918612&sr=8-76,50
"MegaGear SLR, DSLR Leather Camera Shoulder Strap - Dark Brown","MegaGear SLR, DSLR Leathe",/MegaGear-Leather-Shoulder-Fujifilm-Panasonic/dp/B07H2DPC1V/ref=sr_1_77?dchild=1&keywords=dslr+camera&qid=1616918612&sr=8-77,78
Lowepro GearUp Creator Box Large II Mirrorless and DSLR Camera case - with QuickDoor Access - with Adjustable Dividers - for Mirrorless Cameras Like Sony Alpha 9 - LP37348-PWW,Lowepro GearUp Creator Bo,/Lowepro-GearUp-Creator-Mirrorless-Camera/dp/B089Q771CP/ref=sr_1_78?dchild=1&keywords=dslr+camera&qid=1616918612&sr=8-78,32
SID & VAIN Camera Bag DSLR - SLR Heathrow Camera case with Adjustable Interior compartments Leather Messenger Bag Shoulder Bag Women Men Brown,SID & VAIN Camera Bag DSL,/SID-VAIN-real-leather-camera/dp/B01HEZ7PSS/ref=sr_1_79?dchild=1&keywords=dslr+camera&qid=1616918612&sr=8-79,34
"Neewer Aluminium Alloy Hand-held Stabiliser, 60 cm with Quick-Release Plate, 1/4-Inch Screw, for Canon, Nikon, Sony and DSLR Camcorders, Max 3 Kg",Neewer Aluminium Alloy Ha,/Neewer-Aluminium-Stabiliser-Quick-Release-Camcorders/dp/B079S8DPXB/ref=sr_1_80?dchild=1&keywords=dslr+camera&qid=1616918612&sr=8-80,514
"DSLR Photography for Beginners: A Beginner’s Guide to Learning About Your DSLR Camera, Lens, Filters and More",DSLR Photography for Begi,/DSLR-Photography-Beginners-Learning-Filters/dp/1791755720/ref=sr_1_81?dchild=1&keywords=dslr+camera&qid=1616918619&sr=8-81,by
TRIXES Professional Camera Spirit Level Flashbulb Flashlight Hot Shoe Cover for DSLR,TRIXES Professional Camer,/TRIXES-Professional-Camera-Flashbulb-Flashlight/dp/B01B38H72Q/ref=sr_1_82?dchild=1&keywords=dslr+camera&qid=1616918619&sr=8-82,755
"Canon EOS 80D Digital SLR 24.2 MP Camera Body Only with APS-C Sensor, 7 fps, Dual Pixel CMOS AF - Black",Canon EOS 80D Digital SLR,/Canon-Digital-Camera-APS-C-Sensor/dp/B07WCVZRM2/ref=sr_1_83?dchild=1&keywords=dslr+camera&qid=1616918619&sr=8-83,10
"Lowepro LP36888-PWW, Photo Sport BP 200 AW II Backpack for Camera, Fits DSLR with Lens, 3 Extra Lenses, Flash, Personal Geart, Compact Tripod, Black","Lowepro LP36888-PWW, Phot",/Lowepro-Photo-Sport-Backpack-Camera/dp/B013JHTGLO/ref=sr_1_84?dchild=1&keywords=dslr+camera&qid=1616918619&sr=8-84,212
"BOYA BY-M1DM Dual Lavalier Microphones, Omnidirectional Condenser Hands Free Clip-on Lapel Mic with a 1/8"" Stereo Connector for Camera,DSLR,iPhone,Android,Samsung,Huawei, Sony,PC,Laptop",BOYA BY-M1DM Dual Lavalie,/Lavalier-Microphones-Omnidirectional-Condenser-Connector/dp/B07GKXTDY1/ref=sr_1_85?dchild=1&keywords=dslr+camera&qid=1616918619&sr=8-85,336
"Photography: Canon DSLRs For Beginners 2ND EDITION: Photo: Simple And Easy Principles And Techniques To Taking Great Photographs With Your Canon DSLR (Photograph, ... Equipment, Portrait) (DSLR Cameras Book 5)",Photography: Canon DSLRs ,/Photography-Principles-Techniques-Photographs-Photograph-ebook/dp/B00RPBXOZ0/ref=sr_1_86?dchild=1&keywords=dslr+camera&qid=1616918619&sr=8-86,by
"Lowepro ProTactic 450 AW II Black Pro Modular Backpack with All Weather Cover for Laptop Up to 15 Inch, Tablet, Canon/Sony Alpha/Nikon DSLR, Mirrorless CSC and DJI Mavic Drones LP37177-PWW, Black",Lowepro ProTactic 450 AW ,/Lowepro-ProTactic-Backpack-Mirrorless-LP37177-PWW/dp/B07J1ZNZXF/ref=sr_1_87?dchild=1&keywords=dslr+camera&qid=1616918619&sr=8-87,"1,679"
Rode VideoMicro Compact On Camera Microphone - Assorted Colors,Rode VideoMicro Compact O,/Rode-VideoMicro-Compact-Camera-Microphone/dp/B015R0IQGW/ref=sr_1_88?dchild=1&keywords=dslr+camera&qid=1616918619&sr=8-88,"13,280"
Neewer NW-561 Flash Speedlite for Canon Nikon Panasonic Olympus Pentax Fijifilm DSLR Mirrorless Cameras and Sony Camera with Mi Hot Shoe like a9 a7 a7II a7III a7RII a7SII a6000 a6300 a6500 RX10IV.,Neewer NW-561 Flash Speed,/Neewer-Speedlite-Panasonic-Fijifilm-Mirrorless/dp/B010XCEABO/ref=sr_1_89?dchild=1&keywords=dslr+camera&qid=1616918619&sr=8-89,"2,134"
BOYA BY-M1 Clip-On Microphone for DSLR Camera/Smartphone/Camcorder/Audio Recorders - Black,BOYA BY-M1 Clip-On Microp,/Lavalier-Microphone-Smartphone-Canon-Camera/dp/B00MPDYGBE/ref=sr_1_90?dchild=1&keywords=dslr+camera&qid=1616918619&sr=8-90,"1,369"
Fujifilm X-A7 Mirrorless Camera with Silver XC15-45mm Lens,Fujifilm X-A7 Mirrorless ,/Fujifilm-Mirrorless-Camera-Silver-XC15-45mm/dp/B07XFFYDLX/ref=sr_1_91?dchild=1&keywords=dslr+camera&qid=1616918619&sr=8-91,27
Neewer Pro 4-Way Macro Focusing Focus Rail Slider with 1/4-Inch Quick Shoe Plate Compatible with Canon Nikon Pentax Olympus Sony and Other DSLR Cameras and Camcordes Great for Close-Up Shooting,Neewer Pro 4-Way Macro Fo,/Neewer-Focusing-Compatible-Camcordes-Close-Up/dp/B07WK11QKW/ref=sr_1_92?dchild=1&keywords=dslr+camera&qid=1616918619&sr=8-92,325
Wrist Straps for DSLR and Compact Cameras - 2 Pack - Extra Strong and Durable - Comfortable Neoprene Bracelet - Adjustable Fit - Quick Release Clip - Extra Tethers and Cleaning Cloth Included,Wrist Straps for DSLR and,/Wrist-Straps-DSLR-Compact-Cameras/dp/B076785GZ6/ref=sr_1_93?dchild=1&keywords=dslr+camera&qid=1616918619&sr=8-93,"1,532"
Peak Design Capture Camera Clip V3 (Black with Plate),Peak Design Capture Camer,/Peak-Design-AL-4-Anchor-Links/dp/B07F94FQRB/ref=sr_1_94?dchild=1&keywords=dslr+camera&qid=1616918619&sr=8-94,"3,095"
"Sigma 258306 105mm F2.8 EX DG OS HSM Macro Lens for Nikon DSLR Camera , Black",Sigma 258306 105mm F2.8 E,/Sigma-105mm-Macro-Nikon-Camera/dp/B0058NYW3K/ref=sr_1_95?dchild=1&keywords=dslr+camera&qid=1616918619&sr=8-95,"1,469"
DSLR Camera Bala,DSLR Camera Bala,/DSLR-Camera-Bala/dp/B08HQSKK23/ref=sr_1_96?dchild=1&keywords=dslr+camera&qid=1616918619&sr=8-96,by
Olympus E-410 Digital SLR Camera (ED 14-42mm 1:3.5-5.6 & ED 40-150mm 1:4.0-5.6),Olympus E-410 Digital SLR,/Olympus-410-Digital-Camera-14-42mm/dp/B000OKJN6I/ref=sr_1_97?dchild=1&keywords=dslr+camera&qid=1616918625&sr=8-97,13
"Wosune Wide Angle Lens for DSLR, Aluminum Alloy Durable Wide Angle Lens, 25mm F1.8 Mini CCTV C Mount Black for Indoor Sony NEX Camera(black)",Wosune Wide Angle Lens fo,/Wosune-Aluminum-Durable-Indoor-Camera-black/dp/B08ZSZXQL3/ref=sr_1_98?dchild=1&keywords=dslr+camera&qid=1616918625&sr=8-98,0
Sony Alpha DSLR-A100K Camera with 18-70mm f/3.5-5.6 Lens,Sony Alpha DSLR-A100K Cam,/Sony-DSLR-A100K-Camera-18-70mm-3-5-5-6/dp/B000GSVQNQ/ref=sr_1_99?dchild=1&keywords=dslr+camera&qid=1616918625&sr=8-99,25
Nikon D3000 Digital SLR Camera with 18-55mm VR Lens Kit (10.2MP) 3 inch LCD,Nikon D3000 Digital SLR C,/Nikon-Digital-Camera-18-55mm-10-2MP/dp/B002J9GIAQ/ref=sr_1_100?dchild=1&keywords=dslr+camera&qid=1616918625&sr=8-100,286
SONY Alpha DSLR-A900 Digital SLR Camera,SONY Alpha DSLR-A900 Digi,/SONY-Alpha-DSLR-A900-Digital-Camera/dp/B001FOQTWS/ref=sr_1_101?dchild=1&keywords=dslr+camera&qid=1616918625&sr=8-101,7
Fuji XT10 (Silver) with 16-50mm Lens (Black),Fuji XT10 (Silver) with 1,/Fuji-XT10-Silver-16-50mm-Black/dp/B00XW69398/ref=sr_1_102?dchild=1&keywords=dslr+camera&qid=1616918625&sr=8-102,44
Canon 2422H63 PowerShot G9 X Mark II Digital Camera - Silver,Canon 2422H63 PowerShot G,/Canon-PowerShot-Mark-Digital-Camera/dp/B01MZ2MBMB/ref=sr_1_103?dchild=1&keywords=dslr+camera&qid=1616918625&sr=8-103,46
Canon EOS 5D Mark IV Body - Black,Canon EOS 5D Mark IV Body,/Canon-EOS-5D-Mark-IV/dp/B01LVZBXRP/ref=sr_1_104?dchild=1&keywords=dslr+camera&qid=1616918625&sr=8-104,6
"Sony Alpha A3000 20.1MP DSLR Cameras with 18-55mm Lens Kit, E-Mount",Sony Alpha A3000 20.1MP D,/Sony-20-1MP-Cameras-18-55mm-Mount/dp/B00EPBTZEC/ref=sr_1_105?dchild=1&keywords=dslr+camera&qid=1616918625&sr=8-105,100
Panasonic LUMIX DMC-G7MEB-K Professional Camera with 12-60 mm Lens - Black,Panasonic LUMIX DMC-G7MEB,/Panasonic-DMC-G7MEB-K-Compact-System-Camera/dp/B01G5HTTO4/ref=sr_1_106?dchild=1&keywords=dslr+camera&qid=1616918625&sr=8-106,111
Sony Alpha a7R III Mirrorless Digital Camera (Body Only),Sony Alpha a7R III Mirror,/Sony-Alpha-Mirrorless-Digital-Camera/dp/B076TGDHPT/ref=sr_1_107?dchild=1&keywords=dslr+camera&qid=1616918625&sr=8-107,280
Canon EOS 30D Digital SLR Camera (incl. EF-S 18-55mm f/3.5-5.6 Lens Kit) – (Discontinued by Manufacturer),Canon EOS 30D Digital SLR,/Canon-Digital-Camera-18-55mm-3-5-5-6/dp/B000F6ILPA/ref=sr_1_108?dchild=1&keywords=dslr+camera&qid=1616918625&sr=8-108,7
Canon EOS 30D Digital SLR Camera (Body Only),Canon EOS 30D Digital SLR,/Canon-Digital-Camera-Body-Only/dp/B000EZMO5K/ref=sr_1_109?dchild=1&keywords=dslr+camera&qid=1616918625&sr=8-109,12
"Pentax K-50 DSLR Camera Body Only - Black (16MP, CMOS APS-C Sensor)",Pentax K-50 DSLR Camera B,/Pentax-K-50-DSLR-Camera-Body/dp/B00DC4BRXA/ref=sr_1_110?dchild=1&keywords=dslr+camera&qid=1616918625&sr=8-110,295
Canon EOS 6D Mark II Digital SLR Camera - Black & EF 17-40 mm f/4.0 L USM Ultra-Wide Angle Canon EF Zoom Lens - Black,Canon EOS 6D Mark II Digi,/Canon-EOS-Mark-Digital-Camera/dp/B08R799SKH/ref=sr_1_111?dchild=1&keywords=dslr+camera&qid=1616918625&sr=8-111,0
"Olympus E-420 D-SLR Camera (10MP), 2.7 inch Body Only - Black",Olympus E-420 D-SLR Camer,/Olympus-420-D-SLR-Camera-10MP/dp/B0015IMFY0/ref=sr_1_112?dchild=1&keywords=dslr+camera&qid=1616918625&sr=8-112,1
Nikon D40 6.1MP Digital SLR Camera (Lens w/ 18-55mm),Nikon D40 6.1MP Digital S,/Nikon-Digital-Camera-18-55mm-Lens/dp/B000KJQ1DG/ref=sr_1_113?dchild=1&keywords=dslr+camera&qid=1616918631&sr=8-113,318
"xiangxin Wide Angle Lens, Wide Angle Lens for DSLR, Aluminum Alloy for Indoor NEX Camera(black)","xiangxin Wide Angle Lens,",/xiangxin-Angle-Aluminum-Indoor-Camera-black/dp/B08YCYC719/ref=sr_1_114?dchild=1&keywords=dslr+camera&qid=1616918631&sr=8-114,0
"Voluxe CCTV C Mount Wide Angle Lens, Black 25mm F1.8 Mini CCTV C Mount Home Electronic Aluminum Alloy 25mm F1.8 Lens, for Sony NEX Camera Sony NEX DSLR Indoor Outdoor(Silver)",Voluxe CCTV C Mount Wide ,/Voluxe-Electronic-Aluminum-Camera-Outdoor-Silver/dp/B08ZMYZ98C/ref=sr_1_115?dchild=1&keywords=dslr+camera&qid=1616918631&sr=8-115,0
"Nikon Z6 + Z 24-70mm Mirrorless Camera Kit (24.5 megapixel, Ultra wide ISO, 12 fps, Eye-Detection AF, 4K movie) VOA020K001",Nikon Z6 + Z 24-70mm Mirr,/Nikon-Z6-NIKKOR-24-70-Kit/dp/B07H2WDPYK/ref=sr_1_116?dchild=1&keywords=dslr+camera&qid=1616918631&sr=8-116,85
Pentax K200D 18-55mm Lens Kit (10.2 MP Entry Level DSLR With Professional Characteristics),Pentax K200D 18-55mm Lens,/Pentax-K200D-18-55mm-Professional-Characteristics/dp/B0015G3RK8/ref=sr_1_117?dchild=1&keywords=dslr+camera&qid=1616918631&sr=8-117,9
"Sony DSC-WX500 Digital Compact High Zoom Travel Camera with 180 Degrees Tiltable LCD Screen (18.2 MP, 30 x Optical Zoom, Wi-Fi, NFC) - Black",Sony DSC-WX500 Digital Co,/Sony-DSC-WX500-Digital-Compact-Tiltable/dp/B00WSIAE4Y/ref=sr_1_118?dchild=1&keywords=dslr+camera&qid=1616918631&sr=8-118,319
Nikon D40X Digital SLR Camera With 18-55mm Lens - Black (10.2MP),Nikon D40X Digital SLR Ca,/Nikon-D40X-Digital-Camera-18-55mm/dp/B000O0WKUE/ref=sr_1_119?dchild=1&keywords=dslr+camera&qid=1616918631&sr=8-119,38
Konica-Minolta Dynax 7D DSLR Camera Body Only,Konica-Minolta Dynax 7D D,/Konica-Minolta-Dynax-7D-DSLR-Camera/dp/B00067TVQG/ref=sr_1_120?dchild=1&keywords=dslr+camera&qid=1616918631&sr=8-120,4
Canon EOS 7D Digital SLR Camera (Inc EF-S 18-135mm f/3.5-5.6 IS Lens Kit),Canon EOS 7D Digital SLR ,/Canon-Digital-Camera-18-135mm-3-5-5-6/dp/B002LSI1LY/ref=sr_1_121?dchild=1&keywords=dslr+camera&qid=1616918631&sr=8-121,198
Olympus E-400 Digital SLR Camera inc. ED 14-42mm 1:3.5-5.6 lens,Olympus E-400 Digital SLR,/Olympus-400-Digital-Camera-14-42mm/dp/B000INDYPM/ref=sr_1_122?dchild=1&keywords=dslr+camera&qid=1616918631&sr=8-122,8
Olympus E500 Kit DSLR with 14-45mm lens [equiv. 28-90mm] [8MP],Olympus E500 Kit DSLR wit,/Olympus-E500-Kit-14-45mm-28-90mm/dp/B000BKVJCW/ref=sr_1_123?dchild=1&keywords=dslr+camera&qid=1616918631&sr=8-123,15
Pentax K10D Digital SLR Camera (18-55mm Lens Kit),Pentax K10D Digital SLR C,/Pentax-K10D-Digital-Camera-18-55mm/dp/B000JG1WFW/ref=sr_1_124?dchild=1&keywords=dslr+camera&qid=1616918631&sr=8-124,21
"Wide Angle Lens for DSLR, Durable Wide Angle Lens, for Outdoor NEX Camera NEX DSLR Indoor(black)","Wide Angle Lens for DSLR,",/Angle-Durable-Outdoor-Camera-Indoor-black/dp/B08XLZ8KW3/ref=sr_1_125?dchild=1&keywords=dslr+camera&qid=1616918631&sr=8-125,0
Canon EOS-1D X MARK II,Canon EOS-1D X MARK II,/Canon-EOS-1D-X-MARK-II-Black/dp/B01C90JKDG/ref=sr_1_126?dchild=1&keywords=dslr+camera&qid=1616918631&sr=8-126,1
"Pentax K-1 Mark II Silver Edition : Limited quantity DSLR Body: 36.4MP Full Frame with silver battery grip and extra battery, 5 axis, 5 steps Shake Reduction II Weather-resistant, Dustproof",Pentax K-1 Mark II Silver,/Pentax-K-1-Mark-Silver-Weather-resistant/dp/B08GQ4PG2N/ref=sr_1_127?dchild=1&keywords=dslr+camera&qid=1616918631&sr=8-127,5
Nikon D7500 Digital Camera Housing 20.9MP DX-CMOS Filter without Low Pass Optical Filter,Nikon D7500 Digital Camer,/D7500-AF-S-NIKKOR-18-300-3-5-6-3/dp/B076VQGLZ3/ref=sr_1_128?dchild=1&keywords=dslr+camera&qid=1616918631&sr=8-128,6
Nikon D600 Digital SLR Camera Body Only (24.3MP) 3.2 inch LCD,Nikon D600 Digital SLR Ca,/Nikon-D600-Digital-Camera-24-3MP-black/dp/B009A689TE/ref=sr_1_129?dchild=1&keywords=dslr+camera&qid=1616918637&sr=8-129,132
Nikon D50 Digital SLR Camera Kit Black includes AF-S Zoom Nikon 18-55mm Lens [6MP],Nikon D50 Digital SLR Cam,/Nikon-Digital-Camera-Black-18-55mm/dp/B0009U5VQO/ref=sr_1_130?dchild=1&keywords=dslr+camera&qid=1616918637&sr=8-130,39
Canon EOS-1D MARK IV Digital SLR Camera,Canon EOS-1D MARK IV Digi,/Canon-EOS-1D-MARK-Digital-Camera/dp/B001E97GJE/ref=sr_1_131?dchild=1&keywords=dslr+camera&qid=1616918637&sr=8-131,4
Canon EOS R5 Body Camera,Canon EOS R5 Body Camera,/Canon-EOS-R5-Body-Camera/dp/B08CNGTRS5/ref=sr_1_132?dchild=1&keywords=dslr+camera&qid=1616918637&sr=8-132,4
"FujiFilm FinePix S9900W camera (16.2 MP, CMOS sensor, 5 axis image stabiliser for video photography, 1080p, Full HD, WiFi Data Transfer) - black",FujiFilm FinePix S9900W c,/Fujifilm-16452798-S9900W-black/dp/B00SJ4HVKG/ref=sr_1_133?dchild=1&keywords=dslr+camera&qid=1616918637&sr=8-133,38
"Canon Powershot G7 X Mark II Digital Camera Camera - Vlogging Camera, with Full HD 60p movies and tilt touch screen, ideal for vloggers and YouTube content creators",Canon Powershot G7 X Mark,/Canon-Powershot-Mark-Digital-Camera/dp/B01C2QISBC/ref=sr_1_134?dchild=1&keywords=dslr+camera&qid=1616918637&sr=8-134,265
"Sony a77 ii APS-C Interchangeable Lens Camera Body (24.3 MP APS-C Exmor CMOS Sensor, BIONZ X Engine, 3 inch LCD) - Black",Sony a77 ii APS-C Interch,/Sony-Interchangeable-Camera-Sensor-Engine/dp/B00K5V13E6/ref=sr_1_135?dchild=1&keywords=dslr+camera&qid=1616918637&sr=8-135,166
"Pentax K110D 6MP Digital SLR with smc DA 18-55mm lens [6MP, 3x optical]",Pentax K110D 6MP Digital ,/Pentax-K110D-Digital-18-55mm-optical/dp/B000H6KY9Y/ref=sr_1_136?dchild=1&keywords=dslr+camera&qid=1616918637&sr=8-136,10
"Sony  DSLR-A290L digital SLR camera - digital cameras (Auto, Cloudy, Daylight, Flash, Fluorescent, Manual, Shade, Tungsten, Landscape, Night, Portrait, Sunset, Black&White, Vivid, electrical, Battery, SLR Camera Kit)",Sony  DSLR-A290L digital ,/Sony-DSLR-A290L-digital-SLR-camera/dp/B003VWDSJO/ref=sr_1_137?dchild=1&keywords=dslr+camera&qid=1616918637&sr=8-137,9
"Canon EOS R + RF 24-105mm f/4-7.1 IS STM , Black , 3075C128AA",Canon EOS R + RF 24-105mm,/Canon-24-105mm-4-7-1-Black-3075C128AA/dp/B084N4PY4J/ref=sr_1_138?dchild=1&keywords=dslr+camera&qid=1616918637&sr=8-138,13
Nikon D2X Digital SLR Camera (Body Only),Nikon D2X Digital SLR Cam,/Nikon-D2X-Digital-Camera-Body/dp/B0007VHKBE/ref=sr_1_139?dchild=1&keywords=dslr+camera&qid=1616918637&sr=8-139,9
"Nikon D5300 AF-P 18-55mm 3.5-5.6G VR - 24 MP SLR Camera, Black",Nikon D5300 AF-P 18-55mm ,/Nikon-D5300-AF-P-18-55mm-3-5-5-6G/dp/B00HR6NWH8/ref=sr_1_140?dchild=1&keywords=dslr+camera&qid=1616918637&sr=8-140,6
"Nikon D750 DSLR Body 24.3 Megapixels, 8 GB SD 400x Lexar, Black [Nikon Card: 4 Year Warranty]",Nikon D750 DSLR Body 24.3,/Nikon-D750-Fluorescent-Incandescent-Backlight/dp/B00O0UJY9O/ref=sr_1_141?dchild=1&keywords=dslr+camera&qid=1616918637&sr=8-141,80
Pentax K-r DSLR and DAL 18-55mm Lens Kit - Black,Pentax K-r DSLR and DAL 1,/Pentax-K-r-18-55mm-Lens-Kit/dp/B0042RTQO8/ref=sr_1_142?dchild=1&keywords=dslr+camera&qid=1616918637&sr=8-142,38
Kodak AZ361 Digital Camera 16.15 Megapixels 36 x Optical Zoom,Kodak AZ361 Digital Camer,/Kodak-Digital-Camera-Megapixels-Optical/dp/B00CD7UR92/ref=sr_1_143?dchild=1&keywords=dslr+camera&qid=1616918637&sr=8-143,41
Nikon D3200 18-105/3.5-5.6 AF-S G DX ED VR,Nikon D3200 18-105/3.5-5.,/Nikon-D3200-18-105-3-5-5-6-AF-S/dp/B007VLSRB0/ref=sr_1_144?dchild=1&keywords=dslr+camera&qid=1616918637&sr=8-144,234
Olympus E-520 SLR Digital Camera Kit with 14-42mm Lens,Olympus E-520 SLR Digital,/Olympus-520-Digital-Camera-14-42mm/dp/B0019FJM9A/ref=sr_1_145?dchild=1&keywords=dslr+camera&qid=1616918643&sr=8-145,35
Canon 8469B011 Digital Cameras - Black,Canon 8469B011 Digital Ca,/Canon-EOS-70D-Camera-18-55mm/dp/B00I8AUN4W/ref=sr_1_146?dchild=1&keywords=dslr+camera&qid=1616918643&sr=8-146,1
Sony Alpha A65 24.3MP Body Only Translucent Mirror Interchangeable Lens Camera - Black,Sony Alpha A65 24.3MP Bod,/Sony-24-3MP-Translucent-Mirror-Interchangeable/dp/B0068FE9PI/ref=sr_1_147?dchild=1&keywords=dslr+camera&qid=1616918643&sr=8-147,8
Praktica Luxmedia Z212 Digital Compact Camera - Black,Praktica Luxmedia Z212 Di,/Praktica-Luxmedia-Digital-Compact-Camera-Black/dp/B01CT2R62Q/ref=sr_1_148?dchild=1&keywords=dslr+camera&qid=1616918643&sr=8-148,21
Canon EOS 1000D EF-S 18-55mm f/3.5-5.6 (non IS) Lens Kit,Canon EOS 1000D EF-S 18-5,/Canon-1000D-EF-S-18-55mm-3-5-5-6/dp/B001TOD3YG/ref=sr_1_149?dchild=1&keywords=dslr+camera&qid=1616918643&sr=8-149,62
Canon EOS RP + RF 24-105mm f/4-7.1 IS STM,Canon EOS RP + RF 24-105m,/Canon-EOS-24-105mm-4-7-1-STM/dp/B084N4G7WN/ref=sr_1_150?dchild=1&keywords=dslr+camera&qid=1616918643&sr=8-150,2
Canon IXUS 185 Digital Camera - Silver,Canon IXUS 185 Digital Ca,/Canon-IXUS-185-Digital-Camera/dp/B01MZ2MAWI/ref=sr_1_151?dchild=1&keywords=dslr+camera&qid=1616918643&sr=8-151,115
"Sony RX100 VI | Advanced Premium Compact Camera (1.0-Type Sensor, 24-200 mm F2.8-4.5 Zeiss Lens, 4K Movie Recording and Flip Screen)",Sony RX100 VI | Advanced ,/Sony-DSCRX100M6-Advanced-Digital-Compact/dp/B07DL8F6YS/ref=sr_1_152?dchild=1&keywords=dslr+camera&qid=1616918643&sr=8-152,64
"Sony  A500 Digital SLR camera - digital cameras (auto, Cloudy, custom modes, daylight, flash, Fluorescent, Incandescent, Shade, SLR Camera Kit, TTL, auto, fill-in, Red-eye reduction, Slow synchronization, LCD, 0 - 40 °C)",Sony  A500 Digital SLR ca,/Sony-A500-Digital-camera-fill-Black/dp/B002MPPRMM/ref=sr_1_153?dchild=1&keywords=dslr+camera&qid=1616918643&sr=8-153,6
Sony Alpha 57 Interchangeable Lens Camera with 18-55 Lens Kit - Black (16.1MP) 3.0 inch LCD,Sony Alpha 57 Interchange,/Sony-Alpha-Interchangeable-Camera-18-55/dp/B007IU3WPU/ref=sr_1_154?dchild=1&keywords=dslr+camera&qid=1616918643&sr=8-154,65
Canon EOS 300D Digital SLR Camera [6MP] with EF18-55mm Lens,Canon EOS 300D Digital SL,/Canon-300D-Digital-Camera-EF18-55mm/dp/B0000C9VZN/ref=sr_1_155?dchild=1&keywords=dslr+camera&qid=1616918643&sr=8-155,47
Panasonic Lumix DC-FZ82 4K Bridge Camera,Panasonic Lumix DC-FZ82 4,/Panasonic-Lumix-DMC-FZ82-Bridge-Camera-Black/dp/B01NARXQ2E/ref=sr_1_156?dchild=1&keywords=dslr+camera&qid=1616918643&sr=8-156,"1,660"
"DAUERHAFT 650-1300mm F8-16 Manual Focus Ultra Telephoto Full Frame Camera Lens,Sturdy and Wear-Resistant Camera Telephoto Lens,for DSLR Camera(black)",DAUERHAFT 650-1300mm F8-1,/DAUERHAFT-650-1300mm-Manual-Telephoto-Wear-Resistant-black/dp/B08Z7H2SQR/ref=sr_1_157?dchild=1&keywords=dslr+camera&qid=1616918643&sr=8-157,0
"Sony Alpha 6600 | APS-C Mirrorless Camera ( Fast 0.02s Autofocus, 5-axis in-body optical image stabilisation, 4K HLG, Flip Screen for Vlogging )",Sony Alpha 6600 | APS-C M,/Sony-Mirrorless-0-02-sec-Real-time-stabilisation/dp/B07X78SMWP/ref=sr_1_158?dchild=1&keywords=dslr+camera&qid=1616918643&sr=8-158,136
Canon EOS 90D DSLR Camera (Body Only) Deluxe Essential Bundle,Canon EOS 90D DSLR Camera,/Canon-Camera-Deluxe-Essential-Bundle/dp/B07Z6M4RG5/ref=sr_1_159?dchild=1&keywords=dslr+camera&qid=1616918643&sr=8-159,0
Sony SLTA37 16.1MP Translucent Mirror Technology Interchangeable Lens Camera with 18-55mm Lens - Black,Sony SLTA37 16.1MP Transl,/Sony-Translucent-Technology-Interchangeable-18-55mm/dp/B0083RQAYM/ref=sr_1_160?dchild=1&keywords=dslr+camera&qid=1616918643&sr=8-160,116
Nikon D4S 16.2 MP CMOS FX Digital SLR with Full 1080p HD Video (Body Only) NIKON,Nikon D4S 16.2 MP CMOS FX,/Nikon-Digital-1080p-Video-NIKON/dp/B00IMOB5SW/ref=sr_1_161?dchild=1&keywords=dslr+camera&qid=1616918648&sr=8-161,35
Pentax K-70 Digital SLR Camera Body (Black) & smc DA 18-55mm f/3.5-5.6 AL WR Zoom Lens,Pentax K-70 Digital SLR C,/Pentax-Digital-Camera-18-55mm-3-5-5-6/dp/B08R76HV65/ref=sr_1_162?dchild=1&keywords=dslr+camera&qid=1616918648&sr=8-162,0
"Sony  DSLR-A350 + DT 18-70mm - digital cameras (Cloudy, Custom modes, Daylight, Flash, Fluorescent, Shade, Tungsten, Landscape, Night, Portrait, Sunset, Black&White, Vivid, Optical, Battery, SLR Camera Kit)",Sony  DSLR-A350 + DT 18-7,/Sony-DSLR-A350-18-70mm-Fluorescent-Landscape-White/dp/B00157EZCG/ref=sr_1_163?dchild=1&keywords=dslr+camera&qid=1616918648&sr=8-163,7
Sony Alpha A230L Digital SLR Camera With 18-55 mm Lens,Sony Alpha A230L Digital ,/Sony-Alpha-A230L-Digital-Camera/dp/B002A9JDJ8/ref=sr_1_164?dchild=1&keywords=dslr+camera&qid=1616918648&sr=8-164,34
"VINGVO Wide Angle Lens, Aluminum Alloy 2.36 * 2.36 * 1.26 25mm F1.8 Lens, for Outdoor Indoor NEX DSLR NEX Camera(black)","VINGVO Wide Angle Lens, A",/VINGVO-Aluminum-Outdoor-Indoor-Camera-black/dp/B08YRFR6GN/ref=sr_1_165?dchild=1&keywords=dslr+camera&qid=1616918648&sr=8-165,0
"Semiter Wide Angle Lens for DSLR, Black Wide Angle Lens, 2.36 * 2.36 * 1.26 for NEX Camera Indoor(black)",Semiter Wide Angle Lens f,/Semiter-Angle-Black-Camera-Indoor/dp/B08YLJ5ZMX/ref=sr_1_166?dchild=1&keywords=dslr+camera&qid=1616918648&sr=8-166,0
Praktica Luxmedia Z212 Digital Compact Camera - Black,Praktica Luxmedia Z212 Di,/Praktica-Luxmedia-Digital-Compact-Camera-Black/dp/B01CT2R62Q/ref=sr_1_167?dchild=1&keywords=dslr+camera&qid=1616918648&sr=8-167,21
"Pentax XG-1 Digital Bridge Camera (16MP, CMOS, 52x Optical Zoom) 3 inch LCD",Pentax XG-1 Digital Bridg,/Pentax-XG-1-Digital-Bridge-Optical/dp/B00LZTLZTK/ref=sr_1_168?dchild=1&keywords=dslr+camera&qid=1616918648&sr=8-168,79
Olympus E-450 Digital SLR Camera (14-42mm Lens Kit),Olympus E-450 Digital SLR,/Olympus-Digital-14-42mm-discontinued-manufacturer/dp/B0024NK5DI/ref=sr_1_169?dchild=1&keywords=dslr+camera&qid=1616918648&sr=8-169,15
"Praktica Luxmedia WP240 Waterproof Digital Compact Camera - Orange (20 MP,4x Optical Zoom) & Amazon Basics Case for Point-and-Shoot Camera Medium",Praktica Luxmedia WP240 W,/Praktica-Luxmedia-Waterproof-Digital-Compact-Orange/dp/B084GG3L62/ref=sr_1_170?dchild=1&keywords=dslr+camera&qid=1616918648&sr=8-170,4
Panasonic Lumix GF1 12.1MP Digital System Camera 14-45mm Lens Kit - Black,Panasonic Lumix GF1 12.1M,/Panasonic-Lumix-GF1-14-45mm-Lens/dp/B002OB495A/ref=sr_1_171?dchild=1&keywords=dslr+camera&qid=1616918648&sr=8-171,15
Nikon D800E Digital SLR Camera Body Only - Including Capture NX 2 (36.3MP) 3 inch LCD,Nikon D800E Digital SLR C,/Nikon-D800E-Digital-Camera-Body/dp/B00793ANHG/ref=sr_1_172?dchild=1&keywords=dslr+camera&qid=1616918648&sr=8-172,8
"Panasonic Lumix System Camera (16 Megapixel, 7.5cm / 3 inch OLED touchscreen, 4K/ UHD drive, ultra high speed auto focus optical image stabilisation, WiFi, NFC) black",Panasonic Lumix System Ca,/Panasonic-DMC-GH4EG-K-Lumix-DMC-GH4/dp/B00IN2V9UC/ref=sr_1_173?dchild=1&keywords=dslr+camera&qid=1616918648&sr=8-173,48
"Canon PowerShot SX510 HS Camera - Black (12.1MP, 30x Zoom) 3 inch LCD – (Discontinued by Manufacturer)",Canon PowerShot SX510 HS ,/Canon-PowerShot-SX510-Camera-Discontinued/dp/B00EQ7EGXU/ref=sr_1_174?dchild=1&keywords=dslr+camera&qid=1616918648&sr=8-174,198
Canon Powershot SX410 IS,Canon Powershot SX410 IS,/Canon-4549292034356-Powershot-SX410-IS/dp/B00TAS2F4M/ref=sr_1_175?dchild=1&keywords=dslr+camera&qid=1616918648&sr=8-175,161
"Camera Lens, 50mm F1.2 FX Mount Large Aperture Portrait Lens, for Fuji X‑T4/X‑T3/X‑T30/X‑S10 Camera","Camera Lens, 50mm F1.2 FX",/Camera-Mount-Large-Aperture-Portrait/dp/B09138636P/ref=sr_1_176?dchild=1&keywords=dslr+camera&qid=1616918648&sr=8-176,0
Canon Powershot SX410 IS,Canon Powershot SX410 IS,/Canon-4549292034356-Powershot-SX410-IS/dp/B00TAS2F4M/ref=sr_1_177?dchild=1&keywords=dslr+camera&qid=1616918654&sr=8-177,161
"Camera Lens, 50mm F1.2 FX Mount Large Aperture Portrait Lens, for Fuji X‑T4/X‑T3/X‑T30/X‑S10 Camera","Camera Lens, 50mm F1.2 FX",/Camera-Mount-Large-Aperture-Portrait/dp/B09138636P/ref=sr_1_178?dchild=1&keywords=dslr+camera&qid=1616918654&sr=8-178,0
"Camera Aperture Lens, 50mm F1.2 M43 Mount Large Aperture Camera Accessory, for GH5/GM10/GX8/GF9 Mirrorless Camera","Camera Aperture Lens, 50m",/Camera-Aperture-Mount-Accessory-Mirrorless/dp/B091299T5N/ref=sr_1_179?dchild=1&keywords=dslr+camera&qid=1616918654&sr=8-179,0
Nikon D40 with AF-S DX Zoom-Nikkor 18-55mm f/3.5-5.6G ED II,Nikon D40 with AF-S DX Zo,/Nikon-D40-Zoom-Nikkor-18-55mm-3-5-5-6G/dp/B000KIX65S/ref=sr_1_180?dchild=1&keywords=dslr+camera&qid=1616918654&sr=8-180,252
Canon EOS 6D ( 20.2 Megapixel),Canon EOS 6D ( 20.2 Megap,/Canon-EOS-6D-20-2-Megapixel/dp/B009C6VADE/ref=sr_1_181?dchild=1&keywords=dslr+camera&qid=1616918654&sr=8-181,193
"Pentax K-1 II Digital Full Frame SLR Camera Body, Black with HD 150-450 mm F4.5-5.6ED DC AW",Pentax K-1 II Digital Ful,/Pentax-Digital-Camera-150-450-F4-5-5-6ED/dp/B07RN1DMWY/ref=sr_1_182?dchild=1&keywords=dslr+camera&qid=1616918654&sr=8-182,0
"Germerse 32MP Digital Camera, with 32G Memory Card Color Display Camera, Learning for Recognize Objects",Germerse 32MP Digital Cam,/Germerse-Digital-Display-Learning-Recognize-default/dp/B08ZN9JL2V/ref=sr_1_183?dchild=1&keywords=dslr+camera&qid=1616918654&sr=8-183,0
Canon EOS 1D Mark II Digital SLR Camera (Body Only),Canon EOS 1D Mark II Digi,/Canon-EOS-1D-Digital-Camera/dp/B000276UGY/ref=sr_1_184?dchild=1&keywords=dslr+camera&qid=1616918654&sr=8-184,8
Canon IXUS 160 Point and Shoot Digital Camera - Black,Canon IXUS 160 Point and ,/Canon-Point-Shoot-Digital-Camera/dp/B00RTGJZ0E/ref=sr_1_185?dchild=1&keywords=dslr+camera&qid=1616918654&sr=8-185,71
Sony DSLRA390L Alpha Digital SLR Camera with SAL1855 Lens (14.2MP 2.5 inch LCD),Sony DSLRA390L Alpha Digi,/Sony-DSLRA390L-Digital-Camera-SAL1855/dp/B003S9X6VU/ref=sr_1_186?dchild=1&keywords=dslr+camera&qid=1616918654&sr=8-186,14
"Canon Eos 20D Digital SLR [8.2Mp, up to 5fps] - Body Only",Canon Eos 20D Digital SLR,/Canon-20D-Digital-8-2Mp-5fps/dp/B000547UFO/ref=sr_1_187?dchild=1&keywords=dslr+camera&qid=1616918654&sr=8-187,20
Panasonic LUMIX DC-GX9KEB-K Compact System Mirrorless Camera with 12-32 mm Lens - Black,Panasonic LUMIX DC-GX9KEB,/Panasonic-DC-GX9KEB-K-Compact-System-Camera/dp/B07TX95B4L/ref=sr_1_188?dchild=1&keywords=dslr+camera&qid=1616918654&sr=8-188,14
Nikon D200 BODY Digital Camera,Nikon D200 BODY Digital C,/Nikon-D200-BODY-Digital-Camera/dp/B000CDG4UK/ref=sr_1_189?dchild=1&keywords=dslr+camera&qid=1616918654&sr=8-189,42
"Nikon D500 Body Only - 20.9 Megapixel, DSLR Camera, Black",Nikon D500 Body Only - 20,/Nikon-D500-Body-Only-Megapixel/dp/B06XCDKRJ1/ref=sr_1_190?dchild=1&keywords=dslr+camera&qid=1616918654&sr=8-190,More buying choices
"Brinno TLC120A-BK Wi-Fi HDR 720p Time Lapse Camera, support only iOS app control, IPX4 Splash Proof and Weather Resistance",Brinno TLC120A-BK Wi-Fi H,/Brinno-TLC120A-BK-support-control-Resistance/dp/B081VYHXRM/ref=sr_1_191?dchild=1&keywords=dslr+camera&qid=1616918654&sr=8-191,6
Sony DSLR-A700 (DSLRA700) Body Only,Sony DSLR-A700 (DSLRA700),/Sony-DSLR-A700-DSLRA700-Body-Only/dp/B000WGUCT6/ref=sr_1_192?dchild=1&keywords=dslr+camera&qid=1616918654&sr=8-192,11
"Fujifilm FinePix S1 Digital Camera (16.4MP, 50x Optical Zoom) 3 Inch LCD",Fujifilm FinePix S1 Digit,/Fujifilm-FinePix-Digital-Camera-Optical/dp/B00HZH5ESO/ref=sr_1_193?dchild=1&keywords=dslr+camera&qid=1616918659&sr=8-193,136
"Canon EOS R5 Full Frame Mirrorless Camera + RF 24-105mm F4 L is USM Lens Kit, Black (4147C013)",Canon EOS R5 Full Frame M,/Canon-Mirrorless-Camera-24-105mm-4147C013-Multi-coloured/dp/B08C6CWVNZ/ref=sr_1_194?dchild=1&keywords=dslr+camera&qid=1616918659&sr=8-194,291
"Nikon D90 SLR Digital Camera Kit, 12 Megapixels, Live View, HD Video Function",Nikon D90 SLR Digital Cam,/Nikon-NIKKOR-18-105mm-ZOOM-NIKKOR-70-300mm/dp/B001EY52N6/ref=sr_1_195?dchild=1&keywords=dslr+camera&qid=1616918659&sr=8-195,8
"CCTV C Mount Wide Angle Lens, 25mm F1.8 Lens, 25mm F1.8 Mini CCTV C Mount Aluminum Alloy for Sony NEX Camera Indoor Sony NEX DSLR Outdoor(black)",CCTV C Mount Wide Angle L,/Mount-Aluminum-Camera-Indoor-Outdoor-black/dp/B08XLZN48C/ref=sr_1_196?dchild=1&keywords=dslr+camera&qid=1616918659&sr=8-196,0
Canon EOS 60D EF-S18-55mm DSLR Kit,Canon EOS 60D EF-S18-55mm,/Canon-EOS-60D-EF-S18-55mm-DSLR-Black/dp/B0040X44UA/ref=sr_1_197?dchild=1&keywords=dslr+camera&qid=1616918659&sr=8-197,34
Fujifilm S3 Pro Digital SLR Camera Body Only (12MP) 2 inch LCD,Fujifilm S3 Pro Digital S,/Fujifilm-S3-Pro-Digital-Camera/dp/B00062TDW8/ref=sr_1_198?dchild=1&keywords=dslr+camera&qid=1616918659&sr=8-198,9
Pentax MZ 50 Camera,Pentax MZ 50 Camera,/Pentax-MZ-50-Camera/dp/B0007S8RVY/ref=sr_1_199?dchild=1&keywords=dslr+camera&qid=1616918659&sr=8-199,3
Canon IXUS 285 Compact Camera with 3 inch LCD Screen - Black,Canon IXUS 285 Compact Ca,/Canon-IXUS-Compact-Camera-Screen/dp/B01A8LKJ0G/ref=sr_1_200?dchild=1&keywords=dslr+camera&qid=1616918659&sr=8-200,279
"Canon - EOS 5D Mark II - Digital camera - SLR - 21.1 Mpix - body only - supported memory: CF, Microdrive",Canon - EOS 5D Mark II - ,/Canon-Digital-camera-supported-Microdrive-black/dp/B001G7PBIC/ref=sr_1_201?dchild=1&keywords=dslr+camera&qid=1616918659&sr=8-201,88
SOONHUA Toy Camera Mini Usb Rechargeable Camera With 2. 0 Inches Screen Dual Lens Camera Video Recorder Camcorder for Boy and Girls,SOONHUA Toy Camera Mini U,/SOONHUA-Camera-Rechargeable-Recorder-Camcorder/dp/B08XXNL32W/ref=sr_1_202?dchild=1&keywords=dslr+camera&qid=1616918659&sr=8-202,0
Sony NEX6 Interchangeable Lens Digital Camera (Body Only) 16.1MP - Black,Sony NEX6 Interchangeable,/Sony-Interchangeable-Digital-Camera-16-1MP/dp/B009A8Z8H8/ref=sr_1_203?dchild=1&keywords=dslr+camera&qid=1616918659&sr=8-203,27
Canon EOS 80D 18-135/3.5-5.6 EF-S IS STM Digital Cameras 25.8 Megapixels,Canon EOS 80D 18-135/3.5-,/Canon-3-5-5-6-Digital-Cameras-Megapixels/dp/B01K6HTBRY/ref=sr_1_204?dchild=1&keywords=dslr+camera&qid=1616918659&sr=8-204,3
Olympus E-620 Digital SLR Camera (Body Only,Olympus E-620 Digital SLR,/Olympus-Digital-Camera-Body-Only/dp/B001U9Y2EK/ref=sr_1_205?dchild=1&keywords=dslr+camera&qid=1616918659&sr=8-205,6
"Sony DSCW830 Digital Compact Camera - Pink (20.1MP, 8x Optical Zoom) 2.7 inch LCD",Sony DSCW830 Digital Comp,/Sony-DSCW830-Digital-Compact-Camera/dp/B00HR30ZMQ/ref=sr_1_206?dchild=1&keywords=dslr+camera&qid=1616918659&sr=8-206,137
Nikon D5500 Digital SLR Camera - Red,Nikon D5500 Digital SLR C,/Nikon-D5500-Digital-SLR-Camera/dp/B00RXKBNRO/ref=sr_1_207?dchild=1&keywords=dslr+camera&qid=1616918659&sr=8-207,227
FairOnly Double Dual Camera Shoulder Strap Quick Rapid Sling Camera Belt Adjustment for for 2 Cameras Digital DSLR Strap,FairOnly Double Dual Came,/FairOnly-Shoulder-Adjustment-Cameras-Digital/dp/B082B1PKTD/ref=sr_1_208?dchild=1&keywords=dslr+camera&qid=1616918659&sr=8-208,0
"Fujifilm X-T20 Mirrorless Digital Camera, Silver",Fujifilm X-T20 Mirrorless,/Fujifilm-X-T20-Body-Only-Silver/dp/B01MYADYZQ/ref=sr_1_209?dchild=1&keywords=dslr+camera&qid=1616918666&sr=8-209,403
Canon EOS 1D Mark III Digital SLR Camera (Body Only),Canon EOS 1D Mark III Dig,/Canon-Mark-Digital-Camera-Body/dp/B000P4SYVI/ref=sr_1_210?dchild=1&keywords=dslr+camera&qid=1616918666&sr=8-210,5
"Nikon D7200 Digital SLR Camera (24.2 MP, 18-200 mm VR Lens, Wi-Fi, NFC) 3.2-Inch LCD Screen",Nikon D7200 Digital SLR C,/Nikon-Digital-Camera-18-200-3-2-Inch/dp/B00V14SZM4/ref=sr_1_211?dchild=1&keywords=dslr+camera&qid=1616918666&sr=8-211,1
Nikon D100 Digital Camera [6.1MP] - Body Only,Nikon D100 Digital Camera,/Nikon-D100-Digital-Camera-6-1MP/dp/B000069JYB/ref=sr_1_212?dchild=1&keywords=dslr+camera&qid=1616918666&sr=8-212,10
Canon EOS 1000D Body Only,Canon EOS 1000D Body Only,/Canon-EOS-1000D-Body-Only/dp/B0014IK7W8/ref=sr_1_213?dchild=1&keywords=dslr+camera&qid=1616918666&sr=8-213,24
Nikon D3X Digital SLR Camera Body Only (24.5MP) 3 inch LCD,Nikon D3X Digital SLR Cam,/Nikon-Digital-Camera-Body-24-5MP/dp/B001MIYM12/ref=sr_1_214?dchild=1&keywords=dslr+camera&qid=1616918666&sr=8-214,13
Sony - Alpha DSLR-A300 (10.2MP),Sony - Alpha DSLR-A300 (1,/Sony-DSLRA300CEE5-Alpha-DSLR-A300-10-2MP-black/dp/B0015IX90E/ref=sr_1_215?dchild=1&keywords=dslr+camera&qid=1616918666&sr=8-215,17
Sony Alpha DSLR-A580 (Body Only),Sony Alpha DSLR-A580 (Bod,/Sony-Alpha-DSLR-A580-Body-Only-black/dp/B0040JHNE8/ref=sr_1_216?dchild=1&keywords=dslr+camera&qid=1616918666&sr=8-216,9
Panasonic LUMIX DMC-LX15EB-K Small Digital Camera with 24-72 mm LEICA DC Lens - Black,Panasonic LUMIX DMC-LX15E,/Panasonic-DMC-LX15EB-K-Compact-Camera-Colour/dp/B01LWXA4O5/ref=sr_1_217?dchild=1&keywords=dslr+camera&qid=1616918666&sr=8-217,30
"Nikon D3500 Kit AF-P DX 18-55 mm VR schwarz, und Lexar Professional 633x 64GB SDXC UHS-I Karten",Nikon D3500 Kit AF-P DX 1,/Nikon-D3500-schwarz-Professional-Karten/dp/B085PKZSV4/ref=sr_1_218?dchild=1&keywords=dslr+camera&qid=1616918666&sr=8-218,7
"SALUTUYA Bracket 3 Hot Shoe Port Sponge Grip Triple U-Grip,for Camera",SALUTUYA Bracket 3 Hot Sh,/SALUTUYA-Bracket-Sponge-Triple-U-Grip-default/dp/B091557H1C/ref=sr_1_219?dchild=1&keywords=dslr+camera&qid=1616918666&sr=8-219,0
"KODAK FZ43 Digital Still Camera - Black (27 mm Lens, 4x Zoom, 16 MP) 2.7-Inch LCD Screen",KODAK FZ43 Digital Still ,/KODAK-FZ43-Digital-Still-Camera/dp/B01CG62D00/ref=sr_1_220?dchild=1&keywords=dslr+camera&qid=1616918666&sr=8-220,963
Canon EOS 10D Digital SLR Camera [6MP] - Body Only,Canon EOS 10D Digital SLR,/Canon-EOS-10D-Digital-Camera/dp/B00008P1SK/ref=sr_1_221?dchild=1&keywords=dslr+camera&qid=1616918666&sr=8-221,16
Canon PowerShot A480 10 MP Digital Camera with 3.3x Optical Zoom and 2.5-inch LCD (Navy Blue),Canon PowerShot A480 10 M,/Canon-PowerShot-A480-Navy-Blue/dp/B001SER4CE/ref=sr_1_222?dchild=1&keywords=dslr+camera&qid=1616918666&sr=8-222,126
Canon EOS 40D Digital SLR Camera (incl. EF-S 17-85mm f/4-5.6 IS USM Lens Kit),Canon EOS 40D Digital SLR,/Canon-Digital-Camera-incl-17-85mm/dp/B000V9H5J4/ref=sr_1_223?dchild=1&keywords=dslr+camera&qid=1616918666&sr=8-223,25
"Canon PowerShot SX500 IS Digital Camera - Black (16.0 MP, 30x Optical Zoom) 3.0 inch LCD",Canon PowerShot SX500 IS ,/Canon-PowerShot-SX500-Digital-Camera/dp/B0090GKH5I/ref=sr_1_224?dchild=1&keywords=dslr+camera&qid=1616918666&sr=8-224,81
"Pentax K-500 DSLR Camera with DAL 18-55mm Lens Kit - Black (16MP, CMOS APS-C Sensor) 3 inch LCD",Pentax K-500 DSLR Camera ,/Pentax-K-500-DSLR-Camera-18-55mm/dp/B00DC4BROO/ref=sr_1_225?dchild=1&keywords=dslr+camera&qid=1616918672&sr=8-225,35
Sony Alpha SLTA55V.CEH Digital SLR Camera (Body Only),Sony Alpha SLTA55V.CEH Di,/Sony-Alpha-SLTA55V-CEH-Digital-Camera/dp/B00428MF6S/ref=sr_1_226?dchild=1&keywords=dslr+camera&qid=1616918672&sr=8-226,10
Canon SX740 HS PowerShot - Black,Canon SX740 HS PowerShot ,/Canon-SX740-HS-PowerShot-Black/dp/B07G1H6VZH/ref=sr_1_227?dchild=1&keywords=dslr+camera&qid=1616918672&sr=8-227,177
Nikon D70S Digital SLR Camera (Body Only),Nikon D70S Digital SLR Ca,/Nikon-D70S-Digital-Camera-Body/dp/B0009J574G/ref=sr_1_228?dchild=1&keywords=dslr+camera&qid=1616918672&sr=8-228,0
CANON EOS 250D + 18-55 IS STM + Sac + SD 4Go,CANON EOS 250D + 18-55 IS,/CANON-EOS-250D-18-55-STM/dp/B0851VK9S2/ref=sr_1_229?dchild=1&keywords=dslr+camera&qid=1616918672&sr=8-229,0
Canon EOS 6D Camera Body with EF 24-70 mm f/4 L IS USM Lens,Canon EOS 6D Camera Body ,/Canon-Camera-Body-24-70-Lens/dp/B00FX2II0E/ref=sr_1_230?dchild=1&keywords=dslr+camera&qid=1616918672&sr=8-230,55
Canon EOS 80D Body Only Digital SLR Camera 24.2 MP Camera - Black,Canon EOS 80D Body Only D,/Canon-EOS-80D-Digital-Camera/dp/B07H85KLY1/ref=sr_1_231?dchild=1&keywords=dslr+camera&qid=1616918672&sr=8-231,7
Nikon D2XS Digital Camera - Body Only,Nikon D2XS Digital Camera,/Nikon-D2XS-Digital-Camera-Body/dp/B000GBERB6/ref=sr_1_232?dchild=1&keywords=dslr+camera&qid=1616918672&sr=8-232,4
Pentax K-m + 18-55 mm DAL Digital SLR and Lens Kit,Pentax K-m + 18-55 mm DAL,/Pentax-K-m-18-55-DAL-Digital/dp/B001FWXFKO/ref=sr_1_233?dchild=1&keywords=dslr+camera&qid=1616918672&sr=8-233,13
Canon RF 85mm F2 MACRO IS STM,Canon RF 85mm F2 MACRO IS,/Canon-RF-85mm-MACRO-STM/dp/B08CMSSTNM/ref=sr_1_234?dchild=1&keywords=dslr+camera&qid=1616918672&sr=8-234,33
"Fujifilm X-T200 Mirrorless Digital Camera, Silver with Fujinon XC15-45 mm Optical Image Stabilisation Power Zoom Lens kit",Fujifilm X-T200 Mirrorles,/Fujifilm-Mirrorless-Digital-Fujinon-Stabilisation/dp/B08444VKGN/ref=sr_1_235?dchild=1&keywords=dslr+camera&qid=1616918672&sr=8-235,218
"Goshyda 18X Zoom HD SLR Camera, 3in LCD HD Screen Built‑in Flash Light 1500mAh Large‑capacit Lightweight Portable Digital Camera(Standard Edition)",Goshyda 18X Zoom HD SLR C,/Goshyda-Large%E2%80%91capacit-Lightweight-Portable-Standard/dp/B08XM6D164/ref=sr_1_236?dchild=1&keywords=dslr+camera&qid=1616918672&sr=8-236,0
Nikon D7200,Nikon D7200,/Nikon-D7200/dp/B00U5NQJNY/ref=sr_1_237?dchild=1&keywords=dslr+camera&qid=1616918672&sr=8-237,83
Panasonic Lumix G DMC-G6KEG-K System Camera 16 Megapixels 3 Inch Touch Screen OLED Viewfinder Rotatable and Pivoting LC Display with Lens H-FS14042E Black,Panasonic Lumix G DMC-G6K,/Panasonic-Lumix-DMC-G6-14-42-3-5-5-6/dp/B00CP0M1LO/ref=sr_1_238?dchild=1&keywords=dslr+camera&qid=1616918672&sr=8-238,82
Nikon D7200 Kit (18-140mm) Black,Nikon D7200 Kit (18-140mm,/Nikon-D7200-Kit-18-140mm-Black/dp/B018XVK444/ref=sr_1_239?dchild=1&keywords=dslr+camera&qid=1616918672&sr=8-239,4
"Autel EVO II 8K Drone Camera, Portable Folding Aircraft with Remote Controller, Captures Incredibly Smooth 8K Ultra HD Video and 48MP Photos, 102000191",Autel EVO II 8K Drone Cam,/Autel-Portable-Controller-Incredibly-102000191/dp/B088RRZTHH/ref=sr_1_240?dchild=1&keywords=dslr+camera&qid=1616918672&sr=8-240,13
"Digital Camera 30 MP Compact Cameras 1080P Vlogging Camera with 8X Digital Zoom Camera 2.7 Inch LCD Screen Mini Camera for Adult, Kids, Beginners (Red)",Digital Camera 30 MP Comp,/Digital-Compact-Cameras-Vlogging-Beginners/dp/B08L134BC7/ref=sr_1_241?dchild=1&keywords=dslr+camera&qid=1616918677&sr=8-241,38
"Sony RX100 Advanced Compact Premium Camera with 1.0-Type Sensor, 28-100 mm F1.8-4.9 Zeiss Lens, 3.6x Optical Zoom (DSC-RX100)",Sony RX100 Advanced Compa,/Sony-Advanced-1-0-Type-F1-8-4-9-DSC-RX100/dp/B008CNMZDW/ref=sr_1_242?dchild=1&keywords=dslr+camera&qid=1616918677&sr=8-242,299
Nikon D70 Digital SLR Camera Kit includes AF-S DX Zoom-Nikkor 18-70mm Lens,Nikon D70 Digital SLR Cam,/Nikon-Digital-Camera-Zoom-Nikkor-18-70mm/dp/B0001ME26A/ref=sr_1_243?dchild=1&keywords=dslr+camera&qid=1616918677&sr=8-243,25
"Nikon D750 Digital SLR Camera with AF-S 24-120 mm f/4 VR Lens Kit (24.3 MP) 3.2 inch Tilt-Screen LCD with Wi-Fi UK Plug & SanDisk Extreme PRO 64GB SDXC Memory Card up to 170MB/s, Class 10, U3, V30",Nikon D750 Digital SLR Ca,/Nikon-Digital-Tilt-Screen-SanDisk-Extreme/dp/B08JQYVCQJ/ref=sr_1_244?dchild=1&keywords=dslr+camera&qid=1616918677&sr=8-244,0
Nikon D40X Digital SLR Camera - Black (10.2MP) Body Only,Nikon D40X Digital SLR Ca,/Nikon-D40X-Digital-SLR-Camera/dp/B000O57YA0/ref=sr_1_245?dchild=1&keywords=dslr+camera&qid=1616918677&sr=8-245,3
"Panasonic DMC-TZ60EB-K Lumix Compact Digital Camera (18.1 MP, 30x Optical Zoom, High Sensitivity MOS Sensor) 3 inch LCD (New for 2014) - Black",Panasonic DMC-TZ60EB-K Lu,/Panasonic-DMC-TZ60EB-K-Compact-Digital-Sensitivity/dp/B00HO37V4O/ref=sr_1_246?dchild=1&keywords=dslr+camera&qid=1616918677&sr=8-246,501
"Nikon COOLPIX P610 Digital Camera (16.0 MP, CMOS Sensor, 60x Zoom, 3.0 inch LCD) - Black",Nikon COOLPIX P610 Digita,/Nikon-COOLPIX-Digital-Camera-Sensor/dp/B00TFLQUUE/ref=sr_1_247?dchild=1&keywords=dslr+camera&qid=1616918677&sr=8-247,233
Alpha DSLR-A290L & 18-55 mm Lens,Alpha DSLR-A290L & 18-55 ,/Alpha-DSLR-A290L-18-55-mm-Lens/dp/B003QTENNW/ref=sr_1_248?dchild=1&keywords=dslr+camera&qid=1616918677&sr=8-248,15
Canon PowerShot SX730 HS Camera - Silver,Canon PowerShot SX730 HS ,/Canon-PowerShot-SX730-Camera-Silver/dp/B06Y61FG1S/ref=sr_1_249?dchild=1&keywords=dslr+camera&qid=1616918677&sr=8-249,38
Canon EOS 600 35mm SLR Camera Body + Neck strap XLNT,Canon EOS 600 35mm SLR Ca,/Canon-EOS-600-Camera-strap-black/dp/B006OW76T6/ref=sr_1_250?dchild=1&keywords=dslr+camera&qid=1616918677&sr=8-250,1
Canon EOS M100 15-45/3.5-6.3 EF-M IS STM,Canon EOS M100 15-45/3.5-,/Canon-M100-15-45-3-5-6-3-EF-M/dp/B076D2M8X1/ref=sr_1_251?dchild=1&keywords=dslr+camera&qid=1616918677&sr=8-251,140
Olympus E-300 8Mp Digital SLR Camera Kit (Incl E-300 Camera & EZ 14-45mm Zuiko Lens),Olympus E-300 8Mp Digital,/Olympus-Digital-Camera-14-45mm-Zuiko/dp/B00OEYPR2E/ref=sr_1_252?dchild=1&keywords=dslr+camera&qid=1616918677&sr=8-252,1
"Olympus XZ-1 Digital Camera - Black (10MP, 4x i.Zuiko Wide Optical Zoom) 3 inch LCD",Olympus XZ-1 Digital Came,/Olympus-XZ-1-Digital-Camera-i-Zuiko/dp/B004G8QSTO/ref=sr_1_253?dchild=1&keywords=dslr+camera&qid=1616918677&sr=8-253,369
"Panasonic Lumix DMC-FZ300 (12.1 Megapixel, 24x Optical Zoom (3 Zoll Display))",Panasonic Lumix DMC-FZ300,/Panasonic-Lumix-DMC-FZ300-Megapixel-Optical-black/dp/B0153OKCOG/ref=sr_1_254?dchild=1&keywords=dslr+camera&qid=1616918677&sr=8-254,283
K-70 DSLR Camera + DA 18-135mm WR Lens Kit and Pentax bag,K-70 DSLR Camera + DA 18-,/K-70-DSLR-Camera-18-135mm-Pentax/dp/B01N5YFGDM/ref=sr_1_255?dchild=1&keywords=dslr+camera&qid=1616918677&sr=8-255,0
"Digital Camera, 2.7K High Definition Video Recorder 48MP Household Mirrorless Camera with 3‑inch LCD Display for Students, School, Teens","Digital Camera, 2.7K High",/Definition-Recorder-Household-Mirrorless-Students-default/dp/B08X7BZ5SL/ref=sr_1_256?dchild=1&keywords=dslr+camera&qid=1616918677&sr=8-256,0
"MOZUN 16 Million Pixel Home Small Slr Digital Camera, 16X Digital Zoom High-Definition 1080P Camera With 2.4-Inch Lcd Screen, Portable Handheld Home Digital Camera",MOZUN 16 Million Pixel Ho,/MOZUN-High-Definition-2-4-Inch-Portable-Handheld/dp/B08YYZ2WQ4/ref=sr_1_257?dchild=1&keywords=dslr+camera&qid=1616918683&sr=8-257,0
Nikon D3 Digital SLR Camera,Nikon D3 Digital SLR Came,/Nikon-D3-Digital-SLR-Camera/dp/B000VDATG6/ref=sr_1_258?dchild=1&keywords=dslr+camera&qid=1616918683&sr=8-258,11
"Canon EOS 400D - Digital camera - SLR - 10.1 Mpix - Canon EF-S 18-55mm lens - optical zoom: 3 x - supported memory: CF, Microdrive - silver",Canon EOS 400D - Digital ,/Canon-EOS-400D-supported-Microdrive-Silver/dp/B0015Y6NWE/ref=sr_1_259?dchild=1&keywords=dslr+camera&qid=1616918683&sr=8-259,0
"Manual Focusing Lens, 420-800mm Lens Telescope Lens, Full Manual Aperture F/8.3-16 Telescope Camera Photography for Gift Nikon F Mount Camera","Manual Focusing Lens, 420",/Focusing-420-800mm-Telescope-Aperture-Photography-default/dp/B08YYX154Q/ref=sr_1_260?dchild=1&keywords=dslr+camera&qid=1616918683&sr=8-260,0
Jeankak Digital SLR Camera D7200 33MP Digital Camera 30fps 0.5X Wide Angle Lens + 8X Digital Zoom + 24X Optical Zoom + LED Light Auto Focus AF and 3 Lens can connect to a computer or a TV,Jeankak Digital SLR Camer,/Jeankak-Digital-Optical-connect-computer-default/dp/B08XB3M8FP/ref=sr_1_261?dchild=1&keywords=dslr+camera&qid=1616918683&sr=8-261,0
"Fujifilm FinePix HS30EXR Digital Camera (16MP EXR-CMOS Sensor, 30x Manual Optical Zoom) 3 inch Tiltable LCD Screen",Fujifilm FinePix HS30EXR ,/Fujifilm-FinePix-HS30EXR-EXR-CMOS-Tiltable/dp/B006Q8VA2W/ref=sr_1_262?dchild=1&keywords=dslr+camera&qid=1616918683&sr=8-262,432
"Nikon Coolpix L330 Compact Digital Camera (20.2 MP, 26x Optical Zoom, 3.0 inch LCD) - Black",Nikon Coolpix L330 Compac,/Nikon-Coolpix-Compact-Digital-Optical/dp/B00HQDBLDO/ref=sr_1_263?dchild=1&keywords=dslr+camera&qid=1616918683&sr=8-263,910
Kodak PIXPRO AZ421 Astro Zoom Bridge Camera - Black,Kodak PIXPRO AZ421 Astro ,/Kodak-PIXPRO-AZ421-Bridge-Camera/dp/B00MFBCO24/ref=sr_1_264?dchild=1&keywords=dslr+camera&qid=1616918683&sr=8-264,982
"Sony DSLR-A500L SLR Digital Camera (12 Megapixels, BIONZ Image Processor, Live View) with 18-55mm F3.5-5.6 Lens",Sony DSLR-A500L SLR Digit,/Alpha-500-Kit-DT-18-55-Black/dp/B002NLGRS8/ref=sr_1_265?dchild=1&keywords=dslr+camera&qid=1616918683&sr=8-265,9
Nikon D610 Digital SLR Camera (24.3MP) 3.2 inch LCD & AF-S NIKKOR 24-85mm f/3.5-4.5G ED VR Lens,Nikon D610 Digital SLR Ca,/Nikon-Digital-Camera-24-85mm-3-5-4-5G/dp/B089ZHPPX4/ref=sr_1_266?dchild=1&keywords=dslr+camera&qid=1616918683&sr=8-266,0
Nikon D3400 18-55 / 3.5-5.6 AF-P G DX Nikkor,Nikon D3400 18-55 / 3.5-5,/Nikon-D3400-18-55-3-5-5-6-Nikkor/dp/B01MZX61KH/ref=sr_1_267?dchild=1&keywords=dslr+camera&qid=1616918683&sr=8-267,6
Sony Alpha A380L Digital SLR Camera With 18-55 mm Lens,Sony Alpha A380L Digital ,/Sony-Alpha-A380L-Digital-Camera/dp/B002A9JDK2/ref=sr_1_268?dchild=1&keywords=dslr+camera&qid=1616918683&sr=8-268,9
Sony Alpha A380 Digital SLR Camera (Body Only),Sony Alpha A380 Digital S,/Sony-Alpha-A380-Digital-Camera/dp/B002A9JDJS/ref=sr_1_269?dchild=1&keywords=dslr+camera&qid=1616918683&sr=8-269,0
"Kodak PIXPRO AZ651 Astro Zoom Bridge Camera - Black (20 MP,65x Zoom, Wi-Fi,3-Inch LCD)",Kodak PIXPRO AZ651 Astro ,/Kodak-AZ651-BK-AZ651/dp/B00K2UD3QG/ref=sr_1_270?dchild=1&keywords=dslr+camera&qid=1616918683&sr=8-270,88
"Goshyda Thumb Up Grip, Aluminum Alloy Camera Thumb Up Grip Convenience Handle Thumb Rest for Sony A7C Camera","Goshyda Thumb Up Grip, Al",/Goshyda-Aluminum-Camera-Convenience-Handle-default/dp/B08V8NMXCD/ref=sr_1_271?dchild=1&keywords=dslr+camera&qid=1616918683&sr=8-271,0
The TGC ® Anti-Shock Camera Case for Panasonic Lumix DMC-LX7 (Black),The TGC ® Anti-Shock Came,/TGC-Anti-Shock-Camera-Panasonic-DMC-LX7/dp/B00IOOLRT2/ref=sr_1_272?dchild=1&keywords=dslr+camera&qid=1616918683&sr=8-272,1
"Panasonic Lumix DMC-TZ57EB-K Compact Digital Camera - Black (16 MP, 20x Optical Zoom)",Panasonic Lumix DMC-TZ57E,/Panasonic-DMC-TZ57EB-K-Compact-Digital-Camera/dp/B00S9BD0WC/ref=sr_1_273?dchild=1&keywords=dslr+camera&qid=1616918689&sr=8-273,81
Panasonic Lumix DMC-L10 Digital SLR Camera 10 Megapixels Bare Case Black,Panasonic Lumix DMC-L10 D,/Panasonic-Lumix-DMC-L10-Digital-Megapixels/dp/B000XJJSTC/ref=sr_1_274?dchild=1&keywords=dslr+camera&qid=1616918689&sr=8-274,2
Panasonic DMC-FZ72 Camera Black 16.1MP 60xZoom 3.0LCD FHD 20mm Lumix DC Vario,Panasonic DMC-FZ72 Camera,/Panasonic-DMC-FZ72-Camera-16-1MP-60xZoom/dp/B00E0YFOKI/ref=sr_1_275?dchild=1&keywords=dslr+camera&qid=1616918689&sr=8-275,433
Canon EOS 300X SLR Camera (Body Only),Canon EOS 300X SLR Camera,/Canon-300X-Camera-Body-Only/dp/B000BRD8TC/ref=sr_1_276?dchild=1&keywords=dslr+camera&qid=1616918689&sr=8-276,0
"Sony Alpha 6500 | APS-C Mirrorless Camera ( Fast 0.05s Autofocus, 24.2 Megapixels, 5-axis in-body optical image stabilisation, 4K Movie Recording )",Sony Alpha 6500 | APS-C M,/Sony-Compact-Stabilisation-Autofocus-Touchscreen/dp/B01M2WAE29/ref=sr_1_277?dchild=1&keywords=dslr+camera&qid=1616918689&sr=8-277,320
16 Million Pixel Home SLR Camera Digital SLR Camera HD 1080P High Resolution Camera 16x Zoom,16 Million Pixel Home SLR,/Million-Pixel-Camera-Digital-Resolution/dp/B08R7CYDX3/ref=sr_1_278?dchild=1&keywords=dslr+camera&qid=1616918689&sr=8-278,0
"Sony Digital Camera DSC-HX350 Bridge Camera with 50x Optical Zoom (Exmor R Sensor, Carl Zeiss Vario-Sonnar Wide Angle Lens 24-1200 mm, Full HD Video, 7.5 cm (3 Inch) Display) Black",Sony Digital Camera DSC-H,/Sony-DSC-HX350-Cyber-SHOT/dp/B01MU31H1P/ref=sr_1_279?dchild=1&keywords=dslr+camera&qid=1616918689&sr=8-279,868
Panasonic LUMIX DMC-GX80KEBK Professional Camera with 12-32 mm Lens - Black,Panasonic LUMIX DMC-GX80K,/Panasonic-Camera-DMC-GX80KEBK-Mirrorless-Digital/dp/B01E4ZRX7O/ref=sr_1_280?dchild=1&keywords=dslr+camera&qid=1616918689&sr=8-280,75
"Expert Camera 1080P, FHD D7100 Digital SLR Camera with Wide Angle Telephoto Lens 24X Wide Screen 3.0 ”Zoom for Beginners and Professionals","Expert Camera 1080P, FHD ",/Expert-Digital-Telephoto-Beginners-Professionals/dp/B08MTDXBS5/ref=sr_1_281?dchild=1&keywords=dslr+camera&qid=1616918689&sr=8-281,Save 5%
"Goshyda 3in Touch Screen Children Camera, 720P Support 128GB Maximum Memory Card Built-in Speaker Kid Camera for Birthday Present(pink)",Goshyda 3in Touch Screen ,/Goshyda-Children-Support-Maximum-Birthday-pink/dp/B08XZFPY4W/ref=sr_1_282?dchild=1&keywords=dslr+camera&qid=1616918689&sr=8-282,0
Pentax K7 DSLR Body Only,Pentax K7 DSLR Body Only,/Pentax-K7-DSLR-Body-Only/dp/B002AKKBX4/ref=sr_1_283?dchild=1&keywords=dslr+camera&qid=1616918689&sr=8-283,5
Panasonic Lumix DMC-L10K – Digital SLR Camera 10.1 MP (Leica D Vario-Elmarit 14-50 mm),Panasonic Lumix DMC-L10K ,/Panasonic-Lumix-DMC-L10K-Digital-Vario-Elmarit/dp/B000VEURPS/ref=sr_1_284?dchild=1&keywords=dslr+camera&qid=1616918689&sr=8-284,1
"Sony H200 Bridge Camera (20.1MP with Optical Stabilization, 26x Optical Zoom)",Sony H200 Bridge Camera (,/Sony-Bridge-Camera-Optical-Stabilization/dp/B00AWMDWBU/ref=sr_1_285?dchild=1&keywords=dslr+camera&qid=1616918689&sr=8-285,90
"Panasonic Lumix TZ7 Digital Camera - Black (10.1MP, 12x Optical Zoom) 3.0 inch LCD",Panasonic Lumix TZ7 Digit,/Panasonic-Lumix-TZ7-Digital-Camera/dp/B001T0H0RG/ref=sr_1_286?dchild=1&keywords=dslr+camera&qid=1616918689&sr=8-286,494
"Yivibe Nylon Black Pocket Camera Hand Strap, Camera Lanyard, Wear-resistant Plastic Durable for Camera Safe Outdoor",Yivibe Nylon Black Pocket,/Yivibe-Lanyard-Wear-resistant-Plastic-Durable-default/dp/B0915XYN6B/ref=sr_1_287?dchild=1&keywords=dslr+camera&qid=1616918689&sr=8-287,0
"Xirfuni Nylon Black Pocket Camera Hand Strap, Camera Lanyard, Wear-resistant Plastic Durable for Camera Safe Outdoor",Xirfuni Nylon Black Pocke,/Xirfuni-Lanyard-Wear-resistant-Plastic-Durable-default/dp/B0915XMX7N/ref=sr_1_288?dchild=1&keywords=dslr+camera&qid=1616918689&sr=8-288,0
"Xirfuni Nylon Black Pocket Camera Hand Strap, Camera Lanyard, Wear-resistant Plastic Durable for Camera Safe Outdoor",Xirfuni Nylon Black Pocke,/Xirfuni-Lanyard-Wear-resistant-Plastic-Durable-default/dp/B0915XMX7N/ref=sr_1_289?dchild=1&keywords=dslr+camera&qid=1616918695&sr=8-289,0
"Yeelur Nylon Camera Lanyard, Durable Pocket Plastic Camera Strap, for Camera Safe Easy to Install Camera Accessory Outdoor",Yeelur Nylon Camera Lanya,/Yeelur-Lanyard-Durable-Plastic-Accessory-default/dp/B0915RKP2N/ref=sr_1_290?dchild=1&keywords=dslr+camera&qid=1616918695&sr=8-290,0
"Pocket Hand Wrist Strap, Portable Camera Strap, Nylon Plastic Durable for Outdoor Camera Safe","Pocket Hand Wrist Strap, ",/Pocket-Portable-Plastic-Durable-Outdoor-default/dp/B0915RC6ZR/ref=sr_1_291?dchild=1&keywords=dslr+camera&qid=1616918695&sr=8-291,0
"Nylon Camera Lanyard, Wear-resistant Pocket Plastic Camera Strap, Camera Accessory for Outdoor Camera Safe Easy to Install","Nylon Camera Lanyard, Wea",/Lanyard-Wear-resistant-Plastic-Accessory-Outdoor-default/dp/B0915P8JYK/ref=sr_1_292?dchild=1&keywords=dslr+camera&qid=1616918695&sr=8-292,0
"Liyeehao Pocket Nylon Wear-resistant Camera Lanyard, Camera Strap, Plastic for Outdoor Camera Safe",Liyeehao Pocket Nylon Wea,/Liyeehao-Wear-resistant-Lanyard-Plastic-Outdoor-default/dp/B0914WKJ64/ref=sr_1_293?dchild=1&keywords=dslr+camera&qid=1616918695&sr=8-293,0
"Portable Nylon Pocket Durable Plastic Camera Strap, Hand Wrist Strap, Easy to Install for Outdoor Camera Safe Camera Accessory",Portable Nylon Pocket Dur,/Portable-Durable-Plastic-Install-Accessory-default/dp/B0914PSGSN/ref=sr_1_294?dchild=1&keywords=dslr+camera&qid=1616918695&sr=8-294,0
"Children Camera, 2.0 Mega Pixel 2.0 Inch TFT Screen Silicone Shockproof Digital SLR Camera For Children,LiQingShangMao (Color : Pink)","Children Camera, 2.0 Mega",/Children-Silicone-Shockproof-Digital-LiQingShangMao/dp/B08ZDR4BLP/ref=sr_1_295?dchild=1&keywords=dslr+camera&qid=1616918695&sr=8-295,0
"Panasonic Lumix LZ20 Bridge Camera - Black (14.1MP, 21x Optical Zoom) 3 inch LCD",Panasonic Lumix LZ20 Brid,/Panasonic-Lumix-LZ20-Bridge-Camera/dp/B008MVLI2I/ref=sr_1_296?dchild=1&keywords=dslr+camera&qid=1616918695&sr=8-296,243
"bizofft Camera Hand Strap, Durable Wear-resistant Black Camera Lanyard, Pocket Nylon Plastic Easy to Install Camera Accessory for Camera Safe Outdoor",bizofft Camera Hand Strap,/bizofft-Durable-Wear-resistant-Lanyard-Accessory-default/dp/B0915MN4QC/ref=sr_1_297?dchild=1&keywords=dslr+camera&qid=1616918695&sr=8-297,0
"Velaurs Plastic Nylon Hand Wrist Strap, Wear-resistant Camera Strap, Pocket Portable Camera Accessory for Camera Safe Easy to Install Outdoor",Velaurs Plastic Nylon Han,/Velaurs-Plastic-Wear-resistant-Portable-Accessory-default/dp/B0915H3FJ4/ref=sr_1_298?dchild=1&keywords=dslr+camera&qid=1616918695&sr=8-298,0
"DAUERHAFT Camera Filters, Action Camera Lens protective CPL Polarizing Filter, with waterproof, anti - fouling, scratch - proof performance, for Gopro Hero9","DAUERHAFT Camera Filters,",/DAUERHAFT-Filters-protective-Polarizing-waterproof-default/dp/B08ZY1KS5P/ref=sr_1_299?dchild=1&keywords=dslr+camera&qid=1616918695&sr=8-299,0
"Samsung WB250F Smart Camera 2.0 with Built-In Wi-Fi Connectivity - White (14MP CMOS, 18x Optical Zoom) 3.0 inch HVGA Touch Screen",Samsung WB250F Smart Came,/Samsung-WB250F-Camera-Built-Connectivity/dp/B00AXVYJGM/ref=sr_1_300?dchild=1&keywords=dslr+camera&qid=1616918695&sr=8-300,797
Pentax K-S1 SLR Camera Black inc 18-55mm Lens 20MP 3.0LCD FHD,Pentax K-S1 SLR Camera Bl,/Pentax-Camera-Black-18-55mm-3-0LCD/dp/B00N3XBBA4/ref=sr_1_301?dchild=1&keywords=dslr+camera&qid=1616918695&sr=8-301,90
"500mm F6.3 Telephoto Mirror Lens, Manual Focusing Telephoto Mirror Lens Reentrant Lens Landscape Bird Camera Lens,for Nikon AI Mount SLR Camera (white)",500mm F6.3 Telephoto Mirr,/Telephoto-Mirror-Focusing-Reentrant-Landscape-white/dp/B08YNT914L/ref=sr_1_302?dchild=1&keywords=dslr+camera&qid=1616918695&sr=8-302,0
"500mm F6.3 Telephoto Manual Focus Mirror Lens with Adapter Ring for Sony NEX‑Mount Camera for Landscape, Insects, Tourism, Sports, Wedding, Humanities, etc(white)",500mm F6.3 Telephoto Manu,/Telephoto-Adapter-NEX%E2%80%91Mount-Landscape-Humanities-white/dp/B08YK5XWZG/ref=sr_1_303?dchild=1&keywords=dslr+camera&qid=1616918695&sr=8-303,0
"banapoy Mirrorless Camera Lens, Aluminum Alloy Full Frame Lens, Black for Nikon Z5/Z6/Z7/Z50 Mount Camera",banapoy Mirrorless Camera,/banapoy-Mirrorless-Camera-Aluminum-Alloy-default/dp/B08YK1CLV3/ref=sr_1_304?dchild=1&keywords=dslr+camera&qid=1616918695&sr=8-304,0
"HD 1080P Video Action Camera, Bike Camera, Mini Portable Sport Camera, Bike Car Outdoor Sport DV Video Camera, Waterproof Camera without Screen",HD 1080P Video Action Cam,/dp/B091724WPG/ref=sr_1_305?dchild=1&keywords=dslr+camera&qid=1616918700&sr=8-305,0
"Wide Angle Lens, 25mm F1.8 Mini CCTV C Mount 25mm F1.8 Lens, Black Aluminum Alloy Durable for Indoor NEX Camera(black)","Wide Angle Lens, 25mm F1.",/Angle-Aluminum-Durable-Indoor-Camera-black/dp/B0916D54Q1/ref=sr_1_306?dchild=1&keywords=dslr+camera&qid=1616918700&sr=8-306,0
